{
  "file": "T6C5_2.py",
  "market": "ChiNext market",
  "sampling_rate": "50%",
  "suffix": 2,
  "loss": 2.0855022132785075e-06,
  "targets": {
    "ARR": {
      "mean": 0.265,
      "std": 1.37
    },
    "dqn_ARR": {
      "mean": 0.507,
      "std": 1.529
    }
  },
  "achieved": {
    "ARR": {
      "mean": 0.26502298002179,
      "std": 1.3716802958274812
    },
    "dqn_ARR": {
      "mean": 0.507081831738334,
      "std": 1.5301315068437948
    }
  },
  "seed_count": 500,
  "seed_list": [
    4,
    9,
    12,
    16,
    17,
    19,
    20,
    21,
    23,
    32,
    34,
    36,
    39,
    44,
    46,
    47,
    51,
    53,
    57,
    58,
    65,
    71,
    75,
    76,
    77,
    81,
    94,
    96,
    100,
    101,
    103,
    105,
    111,
    116,
    122,
    123,
    127,
    131,
    134,
    136,
    137,
    140,
    148,
    149,
    150,
    151,
    152,
    158,
    159,
    169,
    171,
    172,
    174,
    180,
    182,
    183,
    193,
    199,
    200,
    204,
    206,
    208,
    209,
    211,
    214,
    215,
    222,
    224,
    242,
    245,
    247,
    251,
    253,
    254,
    256,
    257,
    262,
    264,
    265,
    266,
    271,
    277,
    283,
    289,
    290,
    296,
    298,
    300,
    301,
    302,
    303,
    304,
    308,
    310,
    319,
    320,
    324,
    328,
    331,
    332,
    338,
    339,
    342,
    348,
    351,
    359,
    360,
    363,
    368,
    369,
    370,
    371,
    372,
    374,
    378,
    382,
    383,
    388,
    389,
    392,
    394,
    396,
    397,
    398,
    399,
    401,
    404,
    408,
    409,
    410,
    411,
    415,
    419,
    422,
    424,
    425,
    426,
    432,
    433,
    434,
    439,
    441,
    442,
    443,
    444,
    446,
    448,
    450,
    451,
    454,
    455,
    457,
    458,
    459,
    460,
    463,
    465,
    466,
    468,
    470,
    471,
    474,
    482,
    484,
    491,
    492,
    497,
    498,
    499,
    505,
    509,
    514,
    520,
    523,
    528,
    534,
    536,
    537,
    540,
    542,
    543,
    544,
    554,
    559,
    567,
    569,
    571,
    575,
    578,
    579,
    580,
    582,
    583,
    585,
    586,
    587,
    589,
    591,
    593,
    599,
    602,
    611,
    628,
    630,
    635,
    636,
    644,
    647,
    651,
    653,
    656,
    657,
    661,
    663,
    669,
    670,
    672,
    674,
    679,
    688,
    691,
    692,
    693,
    699,
    700,
    701,
    703,
    705,
    706,
    708,
    716,
    717,
    718,
    720,
    721,
    725,
    726,
    728,
    736,
    737,
    744,
    747,
    749,
    750,
    751,
    752,
    763,
    764,
    774,
    778,
    780,
    785,
    789,
    791,
    794,
    796,
    800,
    803,
    810,
    811,
    812,
    814,
    815,
    819,
    820,
    823,
    826,
    827,
    831,
    839,
    843,
    850,
    852,
    859,
    860,
    862,
    864,
    865,
    866,
    867,
    868,
    870,
    872,
    880,
    883,
    887,
    889,
    890,
    897,
    898,
    899,
    900,
    906,
    907,
    908,
    910,
    916,
    917,
    918,
    919,
    922,
    923,
    924,
    925,
    930,
    932,
    940,
    943,
    946,
    951,
    953,
    955,
    956,
    957,
    960,
    963,
    965,
    966,
    969,
    972,
    973,
    978,
    979,
    982,
    985,
    988,
    992,
    993,
    995,
    996,
    1004,
    1019,
    1023,
    1027,
    1029,
    1030,
    1033,
    1034,
    1039,
    1043,
    1046,
    1053,
    1055,
    1056,
    1059,
    1062,
    1063,
    1064,
    1065,
    1068,
    1069,
    1072,
    1080,
    1085,
    1088,
    1089,
    1092,
    1094,
    1102,
    1103,
    1105,
    1107,
    1108,
    1113,
    1114,
    1115,
    1117,
    1122,
    1124,
    1128,
    1134,
    1135,
    1137,
    1139,
    1143,
    1149,
    1151,
    1153,
    1156,
    1157,
    1169,
    1170,
    1173,
    1176,
    1177,
    1178,
    1179,
    1181,
    1182,
    1184,
    1187,
    1188,
    1192,
    1193,
    1194,
    1197,
    1207,
    1208,
    1209,
    1210,
    1216,
    1219,
    1220,
    1221,
    1222,
    1227,
    1228,
    1236,
    1241,
    1244,
    1248,
    1250,
    1256,
    1262,
    1264,
    1266,
    1273,
    1276,
    1278,
    1279,
    1280,
    1282,
    1285,
    1290,
    1291,
    1292,
    1295,
    1299,
    1305,
    1306,
    1307,
    1310,
    1314,
    1319,
    1321,
    1322,
    1323,
    1325,
    1329,
    1333,
    1336,
    1337,
    1341,
    1346,
    1347,
    1351,
    1352,
    1353,
    1354,
    1357,
    1359,
    1361,
    1375,
    1377,
    1378,
    1380,
    1381,
    1382,
    1385,
    1388,
    1392,
    1393,
    1396,
    1398,
    1399,
    1404,
    1406,
    1409,
    1410,
    1411,
    1413,
    1418,
    1423,
    1425,
    1427,
    1430,
    1433,
    1437,
    1438,
    1442,
    1444,
    1446,
    1448,
    1450,
    1451,
    1452,
    1457,
    1463,
    1464,
    1465,
    1469,
    1471,
    1474,
    1475,
    1480,
    1481,
    1482,
    1483,
    1497,
    1500
  ],
  "best_csv": "E:\\STUDY\\洪\\LTR-DQN-main\\seed_search_outputs\\best_seed_sets\\T6C5_2_best500.csv"
}