{
  "file": "T6C5_1.py",
  "market": "ChiNext market",
  "sampling_rate": "50%",
  "suffix": 1,
  "loss": 4.679166110208309e-09,
  "targets": {
    "ARR": {
      "mean": 0.356,
      "std": 1.462
    }
  },
  "achieved": {
    "ARR": {
      "mean": 0.35600126462505766,
      "std": 1.4620998723345404
    }
  },
  "seed_count": 500,
  "seed_list": [
    2,
    7,
    14,
    15,
    17,
    19,
    20,
    22,
    26,
    27,
    35,
    40,
    52,
    54,
    58,
    59,
    61,
    62,
    64,
    66,
    70,
    71,
    72,
    74,
    78,
    88,
    89,
    90,
    91,
    98,
    100,
    101,
    106,
    107,
    108,
    110,
    112,
    123,
    130,
    132,
    137,
    141,
    146,
    147,
    150,
    152,
    159,
    160,
    165,
    166,
    169,
    171,
    173,
    175,
    176,
    179,
    181,
    183,
    184,
    186,
    187,
    191,
    194,
    196,
    197,
    198,
    204,
    209,
    212,
    218,
    222,
    223,
    228,
    233,
    236,
    239,
    242,
    244,
    250,
    251,
    257,
    273,
    282,
    288,
    291,
    292,
    294,
    296,
    301,
    304,
    308,
    309,
    313,
    316,
    317,
    319,
    320,
    321,
    324,
    325,
    326,
    327,
    332,
    333,
    337,
    338,
    340,
    341,
    342,
    343,
    344,
    345,
    346,
    349,
    355,
    358,
    362,
    363,
    369,
    371,
    374,
    376,
    377,
    379,
    382,
    384,
    386,
    390,
    392,
    397,
    398,
    400,
    404,
    405,
    418,
    419,
    420,
    421,
    423,
    425,
    427,
    429,
    434,
    437,
    443,
    445,
    448,
    450,
    451,
    453,
    456,
    457,
    461,
    472,
    478,
    484,
    487,
    490,
    491,
    495,
    496,
    499,
    501,
    502,
    507,
    508,
    510,
    517,
    520,
    522,
    527,
    531,
    532,
    536,
    540,
    541,
    544,
    545,
    547,
    548,
    555,
    557,
    561,
    565,
    571,
    578,
    583,
    588,
    593,
    595,
    596,
    599,
    604,
    613,
    618,
    630,
    632,
    634,
    635,
    636,
    637,
    639,
    640,
    643,
    649,
    655,
    662,
    663,
    665,
    666,
    667,
    669,
    670,
    672,
    680,
    683,
    687,
    696,
    698,
    699,
    700,
    702,
    704,
    709,
    710,
    712,
    716,
    717,
    722,
    727,
    732,
    733,
    737,
    739,
    742,
    743,
    747,
    750,
    755,
    757,
    758,
    766,
    768,
    772,
    774,
    778,
    780,
    781,
    782,
    783,
    785,
    786,
    787,
    788,
    791,
    793,
    794,
    795,
    797,
    798,
    800,
    801,
    805,
    808,
    811,
    814,
    820,
    830,
    832,
    833,
    836,
    837,
    839,
    850,
    854,
    859,
    860,
    867,
    871,
    872,
    875,
    876,
    877,
    878,
    879,
    885,
    888,
    891,
    895,
    898,
    899,
    901,
    905,
    906,
    914,
    916,
    917,
    919,
    920,
    921,
    923,
    927,
    932,
    934,
    936,
    937,
    940,
    941,
    943,
    945,
    947,
    952,
    954,
    959,
    961,
    962,
    968,
    970,
    978,
    981,
    985,
    988,
    990,
    991,
    992,
    994,
    995,
    996,
    1000,
    1003,
    1004,
    1008,
    1009,
    1011,
    1012,
    1017,
    1020,
    1023,
    1027,
    1028,
    1030,
    1032,
    1037,
    1038,
    1045,
    1049,
    1054,
    1057,
    1062,
    1063,
    1064,
    1067,
    1068,
    1070,
    1075,
    1079,
    1083,
    1084,
    1089,
    1094,
    1095,
    1103,
    1106,
    1107,
    1113,
    1114,
    1117,
    1118,
    1121,
    1122,
    1124,
    1130,
    1132,
    1138,
    1141,
    1149,
    1151,
    1157,
    1158,
    1160,
    1163,
    1168,
    1169,
    1173,
    1175,
    1176,
    1177,
    1180,
    1184,
    1185,
    1192,
    1194,
    1205,
    1207,
    1210,
    1213,
    1215,
    1218,
    1221,
    1223,
    1227,
    1229,
    1230,
    1232,
    1233,
    1237,
    1238,
    1239,
    1243,
    1245,
    1246,
    1248,
    1250,
    1255,
    1262,
    1264,
    1267,
    1271,
    1273,
    1276,
    1279,
    1282,
    1284,
    1287,
    1290,
    1292,
    1294,
    1298,
    1299,
    1305,
    1307,
    1308,
    1316,
    1319,
    1322,
    1323,
    1327,
    1329,
    1330,
    1333,
    1336,
    1338,
    1341,
    1342,
    1343,
    1344,
    1345,
    1349,
    1352,
    1355,
    1356,
    1358,
    1362,
    1363,
    1364,
    1369,
    1371,
    1372,
    1374,
    1379,
    1381,
    1387,
    1388,
    1391,
    1399,
    1401,
    1409,
    1410,
    1411,
    1415,
    1417,
    1418,
    1420,
    1422,
    1425,
    1431,
    1436,
    1437,
    1443,
    1444,
    1451,
    1457,
    1460,
    1462,
    1463,
    1466,
    1468,
    1470,
    1471,
    1472,
    1473,
    1476,
    1477,
    1480,
    1481,
    1484,
    1489,
    1490,
    1495,
    1499
  ],
  "best_csv": "E:\\STUDY\\洪\\LTR-DQN-main\\seed_search_outputs\\best_seed_sets\\T6C5_1_best500.csv"
}