{
  "file": "T6C6_1.py",
  "market": "ChiNext market",
  "sampling_rate": "60%",
  "suffix": 1,
  "loss": 3.50172828781287e-10,
  "targets": {
    "ARR": {
      "mean": 0.307,
      "std": 1.081
    }
  },
  "achieved": {
    "ARR": {
      "mean": 0.30699938311336944,
      "std": 1.0809798883115298
    }
  },
  "seed_count": 500,
  "seed_list": [
    2,
    3,
    4,
    9,
    14,
    15,
    16,
    20,
    27,
    28,
    29,
    35,
    37,
    39,
    41,
    42,
    43,
    44,
    47,
    50,
    52,
    55,
    56,
    59,
    69,
    73,
    75,
    82,
    89,
    91,
    94,
    95,
    97,
    98,
    100,
    102,
    103,
    106,
    107,
    111,
    119,
    120,
    122,
    124,
    137,
    139,
    146,
    148,
    158,
    172,
    173,
    174,
    177,
    179,
    180,
    185,
    186,
    191,
    193,
    194,
    195,
    196,
    201,
    202,
    204,
    205,
    206,
    207,
    211,
    213,
    220,
    225,
    226,
    228,
    233,
    241,
    242,
    243,
    245,
    249,
    250,
    257,
    261,
    262,
    266,
    268,
    272,
    278,
    279,
    281,
    283,
    287,
    291,
    293,
    294,
    295,
    296,
    307,
    308,
    310,
    312,
    314,
    315,
    316,
    317,
    318,
    322,
    324,
    326,
    329,
    332,
    333,
    334,
    337,
    341,
    343,
    350,
    352,
    354,
    355,
    356,
    358,
    361,
    365,
    373,
    375,
    384,
    389,
    390,
    391,
    393,
    394,
    395,
    396,
    400,
    406,
    407,
    411,
    416,
    419,
    421,
    422,
    424,
    425,
    426,
    433,
    451,
    454,
    456,
    472,
    475,
    480,
    481,
    484,
    487,
    488,
    492,
    493,
    495,
    497,
    498,
    500,
    502,
    504,
    505,
    506,
    511,
    517,
    518,
    526,
    527,
    531,
    536,
    544,
    545,
    549,
    550,
    551,
    554,
    555,
    557,
    559,
    572,
    573,
    576,
    579,
    582,
    585,
    587,
    603,
    606,
    608,
    609,
    613,
    616,
    617,
    620,
    623,
    624,
    626,
    629,
    643,
    644,
    646,
    648,
    650,
    655,
    659,
    661,
    664,
    665,
    669,
    670,
    671,
    672,
    674,
    676,
    677,
    680,
    681,
    688,
    696,
    697,
    698,
    706,
    707,
    709,
    710,
    713,
    714,
    719,
    721,
    723,
    728,
    734,
    735,
    738,
    740,
    743,
    745,
    746,
    750,
    753,
    756,
    759,
    761,
    763,
    764,
    766,
    767,
    771,
    777,
    783,
    785,
    792,
    796,
    799,
    804,
    805,
    806,
    810,
    811,
    814,
    816,
    819,
    823,
    825,
    827,
    829,
    830,
    839,
    843,
    846,
    848,
    849,
    852,
    856,
    858,
    860,
    862,
    868,
    873,
    879,
    886,
    891,
    894,
    898,
    903,
    905,
    906,
    908,
    912,
    913,
    917,
    923,
    924,
    925,
    926,
    929,
    931,
    933,
    935,
    936,
    941,
    942,
    943,
    945,
    946,
    948,
    949,
    951,
    954,
    956,
    958,
    960,
    962,
    963,
    965,
    968,
    975,
    976,
    981,
    984,
    986,
    989,
    992,
    996,
    999,
    1001,
    1004,
    1006,
    1007,
    1011,
    1012,
    1013,
    1014,
    1015,
    1016,
    1019,
    1022,
    1031,
    1032,
    1035,
    1036,
    1039,
    1041,
    1045,
    1046,
    1050,
    1051,
    1053,
    1055,
    1056,
    1059,
    1063,
    1065,
    1068,
    1069,
    1071,
    1074,
    1077,
    1081,
    1087,
    1088,
    1090,
    1094,
    1096,
    1097,
    1107,
    1109,
    1115,
    1117,
    1118,
    1128,
    1134,
    1137,
    1139,
    1140,
    1144,
    1152,
    1153,
    1154,
    1155,
    1159,
    1168,
    1175,
    1176,
    1178,
    1180,
    1183,
    1185,
    1192,
    1195,
    1197,
    1201,
    1202,
    1203,
    1205,
    1206,
    1208,
    1212,
    1214,
    1216,
    1218,
    1219,
    1224,
    1225,
    1228,
    1229,
    1231,
    1237,
    1239,
    1240,
    1242,
    1244,
    1249,
    1252,
    1258,
    1259,
    1267,
    1270,
    1281,
    1283,
    1284,
    1286,
    1288,
    1294,
    1295,
    1301,
    1305,
    1312,
    1313,
    1316,
    1318,
    1320,
    1324,
    1332,
    1339,
    1340,
    1341,
    1343,
    1345,
    1347,
    1348,
    1349,
    1351,
    1352,
    1353,
    1354,
    1358,
    1370,
    1371,
    1373,
    1377,
    1378,
    1380,
    1386,
    1389,
    1391,
    1394,
    1395,
    1396,
    1397,
    1398,
    1401,
    1405,
    1406,
    1407,
    1410,
    1413,
    1416,
    1420,
    1429,
    1435,
    1440,
    1442,
    1445,
    1447,
    1448,
    1449,
    1450,
    1452,
    1455,
    1456,
    1458,
    1464,
    1465,
    1468,
    1469,
    1470,
    1473,
    1476,
    1477,
    1483,
    1484,
    1489,
    1493,
    1494,
    1495,
    1498
  ],
  "best_csv": "E:\\STUDY\\洪\\LTR-DQN-main\\seed_search_outputs\\best_seed_sets\\T6C6_1_best500.csv"
}