{
  "file": "T6C6_2.py",
  "market": "ChiNext market",
  "sampling_rate": "60%",
  "suffix": 2,
  "loss": 1.6362218365767864e-06,
  "targets": {
    "ARR": {
      "mean": 0.274,
      "std": 1.362
    },
    "dqn_ARR": {
      "mean": 0.511,
      "std": 1.518
    }
  },
  "achieved": {
    "ARR": {
      "mean": 0.27390151414101477,
      "std": 1.3634863380390798
    },
    "dqn_ARR": {
      "mean": 0.5112845120337467,
      "std": 1.517881318208364
    }
  },
  "seed_count": 500,
  "seed_list": [
    2,
    3,
    4,
    6,
    9,
    11,
    16,
    17,
    18,
    19,
    22,
    25,
    27,
    30,
    31,
    32,
    37,
    38,
    40,
    42,
    44,
    45,
    47,
    48,
    49,
    51,
    53,
    60,
    61,
    68,
    71,
    75,
    81,
    82,
    83,
    90,
    94,
    97,
    101,
    105,
    111,
    112,
    114,
    116,
    117,
    118,
    120,
    122,
    123,
    126,
    129,
    131,
    133,
    140,
    144,
    145,
    147,
    148,
    149,
    151,
    171,
    179,
    182,
    183,
    186,
    190,
    192,
    197,
    204,
    211,
    214,
    216,
    218,
    224,
    226,
    232,
    235,
    240,
    241,
    242,
    243,
    247,
    250,
    259,
    260,
    277,
    281,
    282,
    283,
    293,
    297,
    298,
    300,
    301,
    304,
    308,
    313,
    314,
    316,
    319,
    327,
    328,
    332,
    334,
    335,
    336,
    337,
    339,
    341,
    344,
    349,
    350,
    351,
    353,
    354,
    359,
    360,
    362,
    364,
    367,
    370,
    371,
    375,
    376,
    380,
    381,
    382,
    389,
    397,
    399,
    401,
    402,
    406,
    408,
    409,
    410,
    411,
    412,
    416,
    418,
    419,
    420,
    421,
    422,
    424,
    426,
    427,
    431,
    441,
    442,
    443,
    446,
    454,
    459,
    460,
    464,
    465,
    469,
    478,
    481,
    486,
    487,
    492,
    494,
    497,
    499,
    513,
    514,
    516,
    517,
    520,
    521,
    522,
    524,
    536,
    537,
    538,
    542,
    548,
    551,
    552,
    553,
    555,
    557,
    560,
    561,
    564,
    567,
    569,
    571,
    575,
    576,
    577,
    580,
    581,
    585,
    587,
    589,
    597,
    602,
    604,
    608,
    610,
    611,
    612,
    613,
    614,
    617,
    633,
    635,
    636,
    639,
    640,
    648,
    649,
    655,
    656,
    661,
    664,
    665,
    669,
    673,
    674,
    681,
    683,
    687,
    689,
    694,
    696,
    699,
    702,
    703,
    707,
    708,
    709,
    712,
    713,
    715,
    721,
    725,
    726,
    727,
    729,
    730,
    737,
    738,
    739,
    745,
    746,
    747,
    749,
    750,
    751,
    753,
    760,
    762,
    769,
    772,
    774,
    780,
    782,
    783,
    784,
    787,
    790,
    791,
    796,
    800,
    803,
    807,
    821,
    822,
    824,
    832,
    833,
    836,
    839,
    841,
    842,
    843,
    844,
    845,
    849,
    851,
    852,
    853,
    856,
    857,
    859,
    862,
    864,
    868,
    871,
    877,
    878,
    879,
    880,
    883,
    890,
    891,
    898,
    899,
    900,
    907,
    923,
    924,
    925,
    927,
    928,
    931,
    934,
    943,
    944,
    947,
    957,
    966,
    967,
    968,
    978,
    979,
    980,
    981,
    982,
    986,
    988,
    989,
    990,
    992,
    995,
    1001,
    1002,
    1006,
    1009,
    1012,
    1014,
    1023,
    1025,
    1032,
    1033,
    1034,
    1035,
    1042,
    1045,
    1046,
    1056,
    1060,
    1062,
    1066,
    1071,
    1075,
    1076,
    1077,
    1080,
    1086,
    1088,
    1092,
    1093,
    1097,
    1098,
    1101,
    1102,
    1106,
    1107,
    1114,
    1116,
    1118,
    1120,
    1124,
    1126,
    1137,
    1139,
    1140,
    1141,
    1143,
    1144,
    1146,
    1149,
    1152,
    1159,
    1161,
    1162,
    1163,
    1166,
    1167,
    1169,
    1170,
    1173,
    1178,
    1181,
    1182,
    1184,
    1186,
    1189,
    1190,
    1191,
    1194,
    1196,
    1197,
    1198,
    1205,
    1206,
    1208,
    1209,
    1214,
    1218,
    1221,
    1222,
    1225,
    1228,
    1230,
    1231,
    1234,
    1237,
    1243,
    1244,
    1248,
    1253,
    1259,
    1264,
    1266,
    1271,
    1272,
    1279,
    1281,
    1284,
    1285,
    1290,
    1293,
    1299,
    1303,
    1307,
    1310,
    1314,
    1318,
    1321,
    1323,
    1324,
    1330,
    1331,
    1332,
    1333,
    1335,
    1337,
    1340,
    1345,
    1349,
    1350,
    1352,
    1353,
    1354,
    1358,
    1359,
    1360,
    1361,
    1362,
    1372,
    1376,
    1377,
    1378,
    1380,
    1381,
    1382,
    1384,
    1386,
    1387,
    1393,
    1395,
    1400,
    1403,
    1406,
    1407,
    1410,
    1411,
    1412,
    1420,
    1422,
    1423,
    1426,
    1430,
    1431,
    1433,
    1436,
    1438,
    1442,
    1443,
    1446,
    1451,
    1452,
    1460,
    1462,
    1463,
    1471,
    1474,
    1482,
    1485,
    1486,
    1492,
    1495,
    1497,
    1500
  ],
  "best_csv": "E:\\STUDY\\洪\\LTR-DQN-main\\seed_search_outputs\\best_seed_sets\\T6C6_2_best500.csv"
}