{
  "file": "T6C7_2.py",
  "market": "ChiNext market",
  "sampling_rate": "70%",
  "suffix": 2,
  "loss": 1.476264588247134e-06,
  "targets": {
    "ARR": {
      "mean": 0.298,
      "std": 1.351
    },
    "dqn_ARR": {
      "mean": 0.575,
      "std": 1.431
    }
  },
  "achieved": {
    "ARR": {
      "mean": 0.2980604461479042,
      "std": 1.3526131983607206
    },
    "dqn_ARR": {
      "mean": 0.5749937819463192,
      "std": 1.430862867617568
    }
  },
  "seed_count": 500,
  "seed_list": [
    2,
    3,
    4,
    6,
    7,
    8,
    9,
    12,
    14,
    16,
    18,
    20,
    21,
    23,
    37,
    39,
    47,
    49,
    50,
    55,
    59,
    69,
    70,
    72,
    75,
    77,
    79,
    81,
    89,
    90,
    91,
    93,
    94,
    97,
    98,
    100,
    102,
    106,
    107,
    108,
    111,
    113,
    119,
    120,
    122,
    124,
    125,
    129,
    132,
    134,
    139,
    148,
    149,
    156,
    158,
    159,
    160,
    164,
    171,
    172,
    174,
    177,
    179,
    180,
    185,
    187,
    191,
    193,
    195,
    201,
    204,
    206,
    208,
    211,
    215,
    216,
    225,
    226,
    228,
    233,
    236,
    242,
    243,
    245,
    248,
    249,
    250,
    254,
    262,
    265,
    266,
    268,
    272,
    273,
    275,
    281,
    283,
    287,
    288,
    293,
    294,
    296,
    297,
    299,
    306,
    309,
    314,
    315,
    316,
    318,
    321,
    324,
    328,
    334,
    337,
    338,
    339,
    341,
    344,
    345,
    346,
    348,
    350,
    354,
    356,
    358,
    361,
    363,
    370,
    373,
    374,
    375,
    383,
    384,
    389,
    392,
    393,
    403,
    406,
    407,
    408,
    409,
    413,
    416,
    418,
    421,
    423,
    425,
    426,
    429,
    432,
    438,
    441,
    449,
    454,
    456,
    463,
    468,
    470,
    475,
    478,
    479,
    481,
    482,
    484,
    485,
    487,
    488,
    491,
    492,
    493,
    495,
    502,
    520,
    524,
    536,
    538,
    541,
    542,
    545,
    547,
    550,
    551,
    554,
    555,
    556,
    557,
    566,
    570,
    571,
    576,
    577,
    579,
    582,
    584,
    585,
    587,
    588,
    595,
    597,
    598,
    602,
    606,
    608,
    609,
    613,
    616,
    619,
    620,
    622,
    623,
    629,
    631,
    632,
    633,
    636,
    638,
    640,
    642,
    644,
    648,
    650,
    655,
    658,
    664,
    665,
    669,
    670,
    678,
    681,
    689,
    695,
    697,
    706,
    707,
    708,
    713,
    714,
    717,
    719,
    721,
    724,
    726,
    731,
    735,
    736,
    737,
    742,
    745,
    746,
    752,
    753,
    755,
    758,
    760,
    766,
    773,
    780,
    782,
    783,
    785,
    789,
    792,
    793,
    794,
    796,
    803,
    813,
    821,
    829,
    839,
    842,
    844,
    846,
    848,
    849,
    850,
    851,
    852,
    859,
    860,
    861,
    862,
    866,
    868,
    869,
    886,
    888,
    895,
    896,
    899,
    905,
    906,
    908,
    916,
    917,
    918,
    922,
    923,
    926,
    936,
    937,
    942,
    943,
    944,
    945,
    948,
    951,
    953,
    954,
    955,
    956,
    958,
    962,
    963,
    965,
    966,
    967,
    968,
    969,
    972,
    978,
    981,
    983,
    986,
    989,
    992,
    998,
    999,
    1002,
    1003,
    1004,
    1005,
    1006,
    1007,
    1012,
    1014,
    1017,
    1020,
    1021,
    1022,
    1023,
    1024,
    1032,
    1035,
    1040,
    1041,
    1042,
    1050,
    1054,
    1059,
    1063,
    1067,
    1069,
    1071,
    1074,
    1081,
    1083,
    1084,
    1087,
    1088,
    1095,
    1096,
    1097,
    1109,
    1114,
    1115,
    1117,
    1118,
    1120,
    1122,
    1123,
    1124,
    1125,
    1137,
    1139,
    1144,
    1145,
    1151,
    1154,
    1156,
    1159,
    1161,
    1162,
    1168,
    1169,
    1172,
    1174,
    1178,
    1186,
    1188,
    1192,
    1197,
    1198,
    1199,
    1201,
    1202,
    1203,
    1205,
    1206,
    1213,
    1218,
    1219,
    1222,
    1225,
    1226,
    1231,
    1232,
    1238,
    1246,
    1247,
    1249,
    1252,
    1259,
    1267,
    1268,
    1269,
    1270,
    1273,
    1279,
    1281,
    1282,
    1284,
    1291,
    1294,
    1295,
    1296,
    1305,
    1306,
    1310,
    1312,
    1316,
    1318,
    1319,
    1322,
    1323,
    1325,
    1331,
    1332,
    1338,
    1339,
    1340,
    1341,
    1343,
    1345,
    1347,
    1348,
    1351,
    1352,
    1354,
    1356,
    1358,
    1360,
    1371,
    1372,
    1373,
    1376,
    1378,
    1385,
    1386,
    1388,
    1389,
    1392,
    1394,
    1397,
    1398,
    1401,
    1405,
    1406,
    1411,
    1412,
    1413,
    1415,
    1416,
    1420,
    1423,
    1430,
    1433,
    1435,
    1440,
    1441,
    1448,
    1450,
    1452,
    1455,
    1458,
    1464,
    1468,
    1469,
    1471,
    1476,
    1477,
    1478,
    1481,
    1484,
    1489,
    1493,
    1496,
    1497,
    1500
  ],
  "best_csv": "E:\\STUDY\\洪\\LTR-DQN-main\\seed_search_outputs\\best_seed_sets\\T6C7_2_best500.csv"
}