{
  "file": "T6C7_1.py",
  "market": "ChiNext market",
  "sampling_rate": "70%",
  "suffix": 1,
  "loss": 1.837728477231092e-10,
  "targets": {
    "ARR": {
      "mean": 0.225,
      "std": 0.772
    }
  },
  "achieved": {
    "ARR": {
      "mean": 0.22499894709209792,
      "std": 0.7719901778576577
    }
  },
  "seed_count": 500,
  "seed_list": [
    2,
    3,
    4,
    7,
    9,
    12,
    13,
    17,
    18,
    20,
    25,
    26,
    32,
    33,
    37,
    42,
    44,
    47,
    51,
    54,
    55,
    58,
    61,
    62,
    69,
    72,
    74,
    80,
    83,
    87,
    91,
    97,
    102,
    103,
    105,
    106,
    107,
    108,
    109,
    111,
    112,
    115,
    117,
    119,
    128,
    131,
    133,
    136,
    137,
    138,
    139,
    146,
    149,
    154,
    155,
    157,
    159,
    160,
    162,
    166,
    167,
    168,
    169,
    174,
    177,
    178,
    180,
    188,
    189,
    193,
    194,
    196,
    202,
    203,
    205,
    207,
    210,
    214,
    216,
    220,
    221,
    224,
    231,
    232,
    234,
    240,
    248,
    249,
    252,
    259,
    261,
    263,
    265,
    268,
    271,
    274,
    276,
    278,
    280,
    283,
    287,
    292,
    298,
    303,
    305,
    306,
    307,
    310,
    312,
    314,
    315,
    318,
    320,
    323,
    325,
    327,
    328,
    330,
    337,
    340,
    344,
    348,
    360,
    361,
    362,
    363,
    366,
    367,
    368,
    381,
    382,
    383,
    384,
    388,
    389,
    390,
    394,
    397,
    399,
    401,
    403,
    408,
    409,
    410,
    411,
    416,
    418,
    425,
    427,
    430,
    432,
    435,
    437,
    439,
    440,
    441,
    445,
    446,
    450,
    453,
    457,
    464,
    466,
    469,
    470,
    475,
    487,
    490,
    493,
    495,
    496,
    499,
    500,
    506,
    515,
    517,
    518,
    519,
    521,
    522,
    525,
    527,
    533,
    538,
    539,
    540,
    542,
    544,
    548,
    550,
    554,
    558,
    562,
    571,
    574,
    575,
    576,
    577,
    578,
    580,
    583,
    584,
    586,
    592,
    593,
    602,
    604,
    606,
    611,
    612,
    613,
    617,
    618,
    621,
    622,
    629,
    631,
    635,
    636,
    638,
    643,
    653,
    654,
    655,
    662,
    664,
    671,
    672,
    677,
    678,
    680,
    683,
    687,
    690,
    696,
    698,
    703,
    707,
    708,
    709,
    710,
    712,
    714,
    726,
    732,
    734,
    738,
    742,
    744,
    749,
    757,
    762,
    763,
    765,
    766,
    770,
    776,
    780,
    781,
    782,
    784,
    794,
    801,
    806,
    809,
    822,
    824,
    833,
    836,
    841,
    846,
    853,
    856,
    857,
    859,
    860,
    861,
    866,
    867,
    871,
    872,
    876,
    880,
    882,
    883,
    885,
    887,
    890,
    897,
    899,
    905,
    908,
    909,
    913,
    914,
    915,
    919,
    922,
    924,
    932,
    933,
    934,
    935,
    937,
    944,
    947,
    948,
    951,
    952,
    954,
    955,
    958,
    959,
    962,
    963,
    966,
    968,
    969,
    971,
    975,
    976,
    980,
    983,
    986,
    988,
    991,
    992,
    993,
    1001,
    1003,
    1007,
    1008,
    1011,
    1017,
    1019,
    1026,
    1028,
    1035,
    1036,
    1038,
    1039,
    1040,
    1041,
    1044,
    1045,
    1050,
    1051,
    1052,
    1053,
    1054,
    1055,
    1057,
    1059,
    1060,
    1066,
    1069,
    1070,
    1072,
    1074,
    1078,
    1082,
    1085,
    1088,
    1090,
    1093,
    1094,
    1095,
    1101,
    1102,
    1104,
    1108,
    1110,
    1111,
    1113,
    1115,
    1117,
    1125,
    1132,
    1147,
    1153,
    1155,
    1156,
    1157,
    1158,
    1161,
    1163,
    1164,
    1169,
    1178,
    1179,
    1184,
    1186,
    1193,
    1195,
    1196,
    1201,
    1204,
    1207,
    1208,
    1214,
    1215,
    1218,
    1220,
    1221,
    1229,
    1232,
    1234,
    1235,
    1243,
    1251,
    1252,
    1256,
    1257,
    1261,
    1270,
    1272,
    1273,
    1278,
    1282,
    1285,
    1292,
    1297,
    1299,
    1301,
    1303,
    1304,
    1307,
    1308,
    1310,
    1312,
    1313,
    1317,
    1320,
    1321,
    1322,
    1323,
    1324,
    1328,
    1329,
    1330,
    1331,
    1336,
    1339,
    1342,
    1343,
    1344,
    1345,
    1346,
    1350,
    1357,
    1358,
    1359,
    1362,
    1363,
    1364,
    1369,
    1377,
    1378,
    1379,
    1380,
    1381,
    1384,
    1386,
    1389,
    1390,
    1391,
    1397,
    1398,
    1399,
    1401,
    1402,
    1409,
    1410,
    1413,
    1419,
    1421,
    1422,
    1424,
    1431,
    1432,
    1433,
    1444,
    1445,
    1447,
    1449,
    1450,
    1456,
    1459,
    1460,
    1464,
    1468,
    1469,
    1474,
    1483,
    1486,
    1487,
    1489,
    1491,
    1495,
    1499
  ],
  "best_csv": "E:\\STUDY\\洪\\LTR-DQN-main\\seed_search_outputs\\best_seed_sets\\T6C7_1_best500.csv"
}