{
  "file": "T6C8_2.py",
  "market": "ChiNext market",
  "sampling_rate": "80%",
  "suffix": 2,
  "loss": 1.231414605327582e-06,
  "targets": {
    "ARR": {
      "mean": 0.31,
      "std": 1.336
    },
    "dqn_ARR": {
      "mean": 0.588,
      "std": 1.417
    }
  },
  "achieved": {
    "ARR": {
      "mean": 0.310022062575802,
      "std": 1.3374666896804157
    },
    "dqn_ARR": {
      "mean": 0.5880024794721753,
      "std": 1.4172059257862835
    }
  },
  "seed_count": 500,
  "seed_list": [
    2,
    5,
    11,
    14,
    16,
    17,
    18,
    21,
    22,
    32,
    33,
    34,
    44,
    45,
    46,
    47,
    53,
    55,
    56,
    58,
    61,
    63,
    65,
    69,
    70,
    73,
    74,
    76,
    77,
    78,
    79,
    83,
    84,
    87,
    92,
    94,
    95,
    98,
    102,
    103,
    104,
    105,
    107,
    111,
    113,
    114,
    117,
    122,
    127,
    130,
    131,
    134,
    137,
    142,
    147,
    148,
    150,
    151,
    152,
    156,
    158,
    159,
    161,
    169,
    172,
    182,
    183,
    186,
    199,
    200,
    203,
    205,
    206,
    207,
    211,
    214,
    215,
    217,
    220,
    225,
    229,
    232,
    242,
    245,
    248,
    251,
    254,
    256,
    257,
    260,
    261,
    262,
    264,
    265,
    266,
    271,
    277,
    278,
    280,
    281,
    284,
    289,
    295,
    296,
    297,
    298,
    300,
    301,
    303,
    306,
    307,
    318,
    320,
    324,
    328,
    330,
    331,
    332,
    334,
    337,
    338,
    339,
    345,
    350,
    359,
    361,
    362,
    367,
    369,
    371,
    372,
    374,
    378,
    381,
    382,
    390,
    396,
    397,
    398,
    399,
    400,
    404,
    405,
    407,
    409,
    411,
    412,
    415,
    422,
    423,
    424,
    425,
    426,
    428,
    430,
    431,
    432,
    433,
    437,
    441,
    443,
    444,
    446,
    447,
    450,
    451,
    456,
    457,
    460,
    462,
    466,
    470,
    473,
    474,
    478,
    481,
    482,
    484,
    485,
    488,
    497,
    499,
    505,
    508,
    516,
    522,
    537,
    540,
    543,
    544,
    556,
    558,
    559,
    560,
    561,
    567,
    569,
    577,
    580,
    581,
    582,
    586,
    593,
    597,
    598,
    602,
    608,
    610,
    611,
    613,
    624,
    625,
    628,
    630,
    635,
    636,
    639,
    642,
    644,
    650,
    651,
    653,
    657,
    660,
    661,
    669,
    672,
    675,
    679,
    681,
    688,
    696,
    700,
    701,
    703,
    704,
    705,
    706,
    707,
    716,
    718,
    726,
    728,
    729,
    732,
    735,
    736,
    737,
    741,
    743,
    747,
    754,
    755,
    758,
    760,
    763,
    774,
    777,
    778,
    783,
    784,
    785,
    788,
    791,
    794,
    795,
    796,
    803,
    811,
    812,
    814,
    815,
    818,
    827,
    834,
    841,
    851,
    852,
    859,
    860,
    863,
    864,
    866,
    867,
    868,
    872,
    877,
    878,
    884,
    886,
    893,
    897,
    898,
    899,
    900,
    904,
    906,
    907,
    910,
    912,
    916,
    917,
    918,
    924,
    925,
    932,
    941,
    942,
    943,
    944,
    946,
    947,
    950,
    951,
    955,
    956,
    962,
    963,
    965,
    966,
    967,
    971,
    973,
    979,
    980,
    981,
    983,
    985,
    988,
    991,
    992,
    993,
    995,
    997,
    998,
    1002,
    1003,
    1004,
    1005,
    1013,
    1020,
    1022,
    1030,
    1033,
    1034,
    1039,
    1041,
    1042,
    1043,
    1053,
    1055,
    1059,
    1060,
    1062,
    1064,
    1067,
    1068,
    1069,
    1072,
    1073,
    1077,
    1080,
    1088,
    1091,
    1092,
    1093,
    1102,
    1103,
    1106,
    1107,
    1108,
    1114,
    1115,
    1116,
    1117,
    1120,
    1135,
    1137,
    1139,
    1140,
    1143,
    1146,
    1149,
    1158,
    1162,
    1164,
    1165,
    1169,
    1170,
    1172,
    1177,
    1178,
    1179,
    1182,
    1186,
    1187,
    1188,
    1191,
    1193,
    1194,
    1197,
    1198,
    1205,
    1207,
    1208,
    1210,
    1213,
    1225,
    1226,
    1228,
    1230,
    1231,
    1232,
    1235,
    1236,
    1241,
    1244,
    1245,
    1247,
    1248,
    1255,
    1262,
    1266,
    1276,
    1278,
    1279,
    1285,
    1288,
    1290,
    1291,
    1299,
    1300,
    1301,
    1305,
    1308,
    1310,
    1316,
    1319,
    1325,
    1328,
    1329,
    1331,
    1333,
    1336,
    1337,
    1341,
    1347,
    1354,
    1357,
    1359,
    1360,
    1361,
    1362,
    1365,
    1371,
    1375,
    1376,
    1377,
    1378,
    1380,
    1382,
    1385,
    1386,
    1389,
    1397,
    1398,
    1407,
    1410,
    1411,
    1412,
    1416,
    1418,
    1419,
    1425,
    1437,
    1442,
    1444,
    1445,
    1446,
    1450,
    1453,
    1454,
    1455,
    1457,
    1462,
    1463,
    1464,
    1465,
    1468,
    1471,
    1474,
    1479,
    1481,
    1482,
    1483,
    1487,
    1489,
    1492,
    1498,
    1500
  ],
  "best_csv": "E:\\STUDY\\洪\\LTR-DQN-main\\seed_search_outputs\\best_seed_sets\\T6C8_2_best500.csv"
}