{
  "file": "T6C8_1.py",
  "market": "ChiNext market",
  "sampling_rate": "80%",
  "suffix": 1,
  "loss": 1.47359669652408e-12,
  "targets": {
    "ARR": {
      "mean": 0.174,
      "std": 0.563
    }
  },
  "achieved": {
    "ARR": {
      "mean": 0.17400004852672735,
      "std": 0.5630006651547743
    }
  },
  "seed_count": 500,
  "seed_list": [
    1,
    3,
    5,
    7,
    8,
    14,
    15,
    19,
    20,
    21,
    22,
    23,
    24,
    28,
    29,
    30,
    31,
    33,
    39,
    43,
    45,
    49,
    52,
    59,
    65,
    69,
    71,
    74,
    75,
    77,
    81,
    83,
    85,
    88,
    95,
    97,
    100,
    101,
    105,
    109,
    111,
    114,
    117,
    118,
    124,
    125,
    126,
    130,
    131,
    138,
    141,
    145,
    146,
    147,
    148,
    150,
    152,
    154,
    155,
    158,
    162,
    166,
    173,
    174,
    176,
    177,
    178,
    179,
    182,
    183,
    186,
    189,
    192,
    194,
    197,
    198,
    200,
    202,
    203,
    204,
    207,
    211,
    214,
    224,
    228,
    236,
    239,
    242,
    243,
    244,
    246,
    247,
    249,
    252,
    258,
    259,
    271,
    274,
    275,
    276,
    277,
    283,
    285,
    290,
    293,
    294,
    297,
    299,
    314,
    316,
    318,
    322,
    324,
    327,
    328,
    330,
    332,
    341,
    343,
    344,
    346,
    350,
    352,
    360,
    362,
    363,
    364,
    365,
    371,
    373,
    377,
    380,
    381,
    384,
    387,
    389,
    392,
    396,
    401,
    403,
    404,
    409,
    415,
    416,
    422,
    423,
    427,
    430,
    433,
    435,
    436,
    439,
    443,
    446,
    448,
    450,
    453,
    455,
    456,
    460,
    461,
    462,
    466,
    469,
    471,
    476,
    480,
    481,
    483,
    486,
    489,
    490,
    492,
    495,
    505,
    506,
    507,
    510,
    511,
    512,
    513,
    520,
    522,
    527,
    528,
    529,
    534,
    537,
    539,
    542,
    543,
    544,
    549,
    554,
    556,
    557,
    562,
    565,
    571,
    572,
    576,
    577,
    579,
    582,
    586,
    591,
    593,
    597,
    598,
    600,
    606,
    615,
    617,
    620,
    622,
    623,
    626,
    627,
    629,
    630,
    634,
    637,
    643,
    647,
    648,
    649,
    651,
    652,
    655,
    659,
    661,
    663,
    665,
    668,
    669,
    670,
    674,
    675,
    679,
    680,
    685,
    686,
    689,
    691,
    698,
    699,
    702,
    703,
    705,
    710,
    712,
    715,
    725,
    727,
    728,
    730,
    731,
    734,
    735,
    737,
    742,
    743,
    745,
    747,
    748,
    751,
    765,
    766,
    767,
    773,
    775,
    784,
    790,
    795,
    797,
    798,
    800,
    804,
    806,
    811,
    816,
    819,
    820,
    826,
    827,
    831,
    833,
    835,
    841,
    848,
    852,
    853,
    858,
    864,
    870,
    876,
    880,
    888,
    890,
    895,
    899,
    908,
    909,
    912,
    916,
    918,
    929,
    933,
    934,
    935,
    936,
    937,
    941,
    942,
    945,
    950,
    953,
    957,
    958,
    960,
    963,
    965,
    967,
    972,
    975,
    977,
    981,
    982,
    983,
    985,
    990,
    992,
    995,
    999,
    1004,
    1005,
    1007,
    1008,
    1009,
    1011,
    1012,
    1013,
    1019,
    1020,
    1021,
    1022,
    1032,
    1033,
    1038,
    1039,
    1044,
    1051,
    1055,
    1056,
    1058,
    1061,
    1067,
    1070,
    1080,
    1081,
    1082,
    1085,
    1089,
    1091,
    1092,
    1098,
    1100,
    1101,
    1104,
    1105,
    1106,
    1107,
    1114,
    1117,
    1123,
    1124,
    1133,
    1135,
    1137,
    1138,
    1143,
    1144,
    1146,
    1148,
    1153,
    1155,
    1159,
    1160,
    1163,
    1167,
    1170,
    1174,
    1175,
    1179,
    1180,
    1181,
    1182,
    1186,
    1189,
    1194,
    1197,
    1203,
    1204,
    1213,
    1216,
    1219,
    1220,
    1223,
    1224,
    1226,
    1229,
    1233,
    1237,
    1241,
    1243,
    1245,
    1246,
    1247,
    1249,
    1250,
    1252,
    1254,
    1260,
    1264,
    1267,
    1269,
    1270,
    1271,
    1281,
    1282,
    1283,
    1284,
    1285,
    1289,
    1297,
    1298,
    1304,
    1307,
    1316,
    1319,
    1320,
    1322,
    1327,
    1332,
    1337,
    1340,
    1341,
    1342,
    1346,
    1347,
    1350,
    1352,
    1354,
    1355,
    1357,
    1361,
    1369,
    1373,
    1374,
    1379,
    1381,
    1383,
    1385,
    1393,
    1396,
    1402,
    1404,
    1405,
    1407,
    1409,
    1412,
    1414,
    1423,
    1424,
    1426,
    1427,
    1430,
    1433,
    1439,
    1444,
    1445,
    1447,
    1449,
    1450,
    1460,
    1461,
    1467,
    1468,
    1471,
    1472,
    1473,
    1478,
    1484,
    1485,
    1488,
    1490,
    1493,
    1494,
    1496,
    1498
  ],
  "best_csv": "E:\\STUDY\\洪\\LTR-DQN-main\\seed_search_outputs\\best_seed_sets\\T6C8_1_best500.csv"
}