{
  "file": "T6C9_2.py",
  "market": "ChiNext market",
  "sampling_rate": "90%",
  "suffix": 2,
  "loss": 5.016147692833269e-07,
  "targets": {
    "ARR": {
      "mean": 0.326,
      "std": 1.314
    },
    "dqn_ARR": {
      "mean": 0.601,
      "std": 1.368
    }
  },
  "achieved": {
    "ARR": {
      "mean": 0.32601663228835864,
      "std": 1.3147861271360461
    },
    "dqn_ARR": {
      "mean": 0.6010716632427748,
      "std": 1.3684872582980634
    }
  },
  "seed_count": 500,
  "seed_list": [
    1,
    2,
    4,
    5,
    8,
    11,
    14,
    15,
    19,
    21,
    25,
    27,
    32,
    33,
    34,
    36,
    37,
    40,
    46,
    48,
    51,
    56,
    57,
    60,
    63,
    64,
    67,
    69,
    71,
    72,
    77,
    79,
    80,
    81,
    84,
    85,
    89,
    96,
    101,
    104,
    107,
    111,
    112,
    113,
    114,
    116,
    119,
    120,
    121,
    123,
    125,
    126,
    131,
    137,
    140,
    143,
    147,
    148,
    149,
    154,
    156,
    159,
    163,
    169,
    172,
    175,
    178,
    179,
    182,
    185,
    190,
    194,
    198,
    200,
    202,
    203,
    204,
    205,
    206,
    207,
    208,
    209,
    216,
    218,
    220,
    222,
    225,
    231,
    233,
    235,
    236,
    239,
    243,
    244,
    247,
    251,
    252,
    253,
    257,
    260,
    261,
    266,
    274,
    284,
    291,
    296,
    298,
    299,
    301,
    303,
    305,
    306,
    307,
    308,
    309,
    310,
    313,
    314,
    324,
    327,
    328,
    334,
    335,
    338,
    343,
    348,
    353,
    354,
    358,
    359,
    360,
    361,
    367,
    374,
    375,
    376,
    384,
    386,
    390,
    391,
    394,
    398,
    403,
    407,
    408,
    409,
    411,
    413,
    414,
    418,
    423,
    424,
    426,
    428,
    430,
    436,
    437,
    438,
    441,
    443,
    444,
    446,
    448,
    450,
    455,
    456,
    457,
    458,
    460,
    461,
    462,
    463,
    464,
    476,
    481,
    487,
    488,
    489,
    494,
    496,
    503,
    505,
    509,
    516,
    517,
    518,
    520,
    521,
    522,
    524,
    528,
    538,
    542,
    548,
    549,
    551,
    555,
    558,
    560,
    567,
    569,
    571,
    577,
    579,
    580,
    582,
    586,
    589,
    593,
    594,
    595,
    598,
    599,
    601,
    602,
    603,
    605,
    607,
    608,
    610,
    614,
    620,
    621,
    623,
    628,
    630,
    631,
    632,
    634,
    635,
    636,
    637,
    647,
    652,
    653,
    660,
    662,
    665,
    679,
    681,
    684,
    685,
    696,
    697,
    699,
    701,
    703,
    712,
    717,
    718,
    719,
    729,
    737,
    739,
    741,
    742,
    748,
    751,
    752,
    762,
    764,
    766,
    770,
    772,
    774,
    775,
    780,
    781,
    782,
    785,
    787,
    796,
    798,
    809,
    815,
    816,
    818,
    821,
    827,
    831,
    833,
    836,
    837,
    838,
    844,
    860,
    864,
    865,
    867,
    869,
    871,
    875,
    877,
    879,
    883,
    884,
    888,
    889,
    891,
    897,
    898,
    902,
    904,
    905,
    907,
    908,
    910,
    915,
    918,
    919,
    924,
    928,
    930,
    937,
    940,
    942,
    948,
    959,
    961,
    962,
    963,
    964,
    965,
    968,
    971,
    973,
    975,
    976,
    977,
    980,
    981,
    985,
    992,
    993,
    995,
    996,
    998,
    1001,
    1004,
    1007,
    1014,
    1016,
    1017,
    1021,
    1023,
    1026,
    1027,
    1035,
    1043,
    1044,
    1045,
    1048,
    1052,
    1053,
    1055,
    1057,
    1058,
    1061,
    1063,
    1064,
    1065,
    1072,
    1076,
    1079,
    1081,
    1082,
    1084,
    1086,
    1089,
    1092,
    1093,
    1094,
    1095,
    1100,
    1115,
    1117,
    1120,
    1121,
    1122,
    1123,
    1124,
    1128,
    1131,
    1139,
    1145,
    1146,
    1150,
    1156,
    1157,
    1160,
    1164,
    1166,
    1171,
    1180,
    1185,
    1188,
    1189,
    1190,
    1191,
    1192,
    1194,
    1196,
    1198,
    1207,
    1208,
    1209,
    1211,
    1213,
    1217,
    1218,
    1230,
    1231,
    1235,
    1239,
    1244,
    1247,
    1248,
    1250,
    1253,
    1255,
    1257,
    1264,
    1267,
    1276,
    1279,
    1280,
    1282,
    1284,
    1286,
    1287,
    1288,
    1289,
    1291,
    1295,
    1299,
    1303,
    1305,
    1306,
    1308,
    1310,
    1314,
    1316,
    1317,
    1318,
    1321,
    1324,
    1339,
    1343,
    1347,
    1349,
    1350,
    1351,
    1354,
    1359,
    1364,
    1365,
    1375,
    1377,
    1378,
    1379,
    1380,
    1384,
    1385,
    1387,
    1390,
    1392,
    1393,
    1395,
    1400,
    1404,
    1405,
    1407,
    1410,
    1411,
    1412,
    1417,
    1418,
    1422,
    1427,
    1443,
    1451,
    1454,
    1455,
    1458,
    1469,
    1470,
    1471,
    1472,
    1476,
    1477,
    1479,
    1481,
    1487,
    1488,
    1489,
    1492,
    1495,
    1496,
    1499,
    1500
  ],
  "best_csv": "E:\\STUDY\\洪\\LTR-DQN-main\\seed_search_outputs\\best_seed_sets\\T6C9_2_best500.csv"
}