{
  "file": "T6C9_1.py",
  "market": "ChiNext market",
  "sampling_rate": "90%",
  "suffix": 1,
  "loss": 8.886312531947692e-11,
  "targets": {
    "ARR": {
      "mean": 0.099,
      "std": 0.354
    }
  },
  "achieved": {
    "ARR": {
      "mean": 0.09899992810935375,
      "std": 0.35399667265800033
    }
  },
  "seed_count": 500,
  "seed_list": [
    2,
    5,
    9,
    10,
    15,
    18,
    21,
    24,
    25,
    26,
    32,
    33,
    38,
    40,
    44,
    45,
    48,
    49,
    50,
    51,
    53,
    56,
    62,
    63,
    69,
    70,
    74,
    93,
    94,
    101,
    106,
    115,
    117,
    119,
    124,
    127,
    130,
    133,
    140,
    145,
    146,
    148,
    149,
    150,
    151,
    154,
    158,
    163,
    167,
    171,
    173,
    176,
    178,
    179,
    181,
    184,
    185,
    187,
    190,
    191,
    197,
    202,
    204,
    208,
    209,
    212,
    213,
    219,
    223,
    225,
    229,
    231,
    233,
    236,
    237,
    240,
    242,
    244,
    245,
    249,
    256,
    258,
    261,
    262,
    265,
    266,
    269,
    272,
    278,
    280,
    282,
    285,
    295,
    296,
    297,
    298,
    299,
    304,
    309,
    312,
    315,
    319,
    321,
    322,
    329,
    331,
    333,
    336,
    339,
    341,
    342,
    344,
    345,
    347,
    348,
    349,
    350,
    353,
    354,
    359,
    364,
    365,
    370,
    371,
    373,
    376,
    377,
    380,
    384,
    387,
    388,
    390,
    393,
    396,
    401,
    404,
    405,
    406,
    407,
    411,
    415,
    426,
    432,
    436,
    441,
    444,
    448,
    449,
    451,
    454,
    455,
    456,
    460,
    468,
    469,
    471,
    472,
    473,
    474,
    475,
    476,
    477,
    479,
    487,
    491,
    497,
    499,
    501,
    505,
    508,
    509,
    512,
    516,
    517,
    521,
    522,
    523,
    544,
    545,
    549,
    552,
    561,
    565,
    568,
    569,
    572,
    575,
    576,
    583,
    585,
    589,
    592,
    594,
    595,
    597,
    606,
    607,
    608,
    610,
    618,
    622,
    625,
    626,
    631,
    636,
    637,
    641,
    644,
    646,
    649,
    665,
    666,
    668,
    673,
    676,
    677,
    679,
    682,
    685,
    686,
    689,
    691,
    693,
    694,
    695,
    696,
    698,
    700,
    701,
    704,
    705,
    710,
    711,
    712,
    715,
    716,
    718,
    719,
    720,
    723,
    726,
    728,
    733,
    736,
    739,
    742,
    744,
    750,
    753,
    755,
    767,
    770,
    771,
    773,
    782,
    784,
    785,
    790,
    793,
    796,
    798,
    800,
    802,
    804,
    806,
    808,
    809,
    815,
    820,
    823,
    826,
    827,
    828,
    829,
    836,
    840,
    841,
    844,
    846,
    848,
    853,
    858,
    860,
    864,
    865,
    876,
    883,
    888,
    890,
    900,
    901,
    908,
    912,
    913,
    918,
    922,
    923,
    924,
    925,
    928,
    931,
    933,
    934,
    937,
    938,
    943,
    946,
    947,
    949,
    958,
    963,
    966,
    967,
    968,
    970,
    971,
    972,
    976,
    978,
    981,
    984,
    985,
    986,
    989,
    997,
    1007,
    1008,
    1011,
    1013,
    1014,
    1016,
    1022,
    1024,
    1027,
    1030,
    1035,
    1038,
    1039,
    1040,
    1042,
    1044,
    1045,
    1047,
    1048,
    1049,
    1053,
    1055,
    1058,
    1067,
    1072,
    1073,
    1074,
    1077,
    1080,
    1083,
    1086,
    1090,
    1092,
    1093,
    1094,
    1098,
    1101,
    1102,
    1105,
    1113,
    1115,
    1117,
    1120,
    1125,
    1128,
    1131,
    1134,
    1137,
    1138,
    1141,
    1143,
    1147,
    1150,
    1155,
    1159,
    1160,
    1162,
    1166,
    1170,
    1173,
    1178,
    1182,
    1185,
    1186,
    1187,
    1193,
    1194,
    1198,
    1199,
    1201,
    1207,
    1208,
    1211,
    1213,
    1215,
    1217,
    1221,
    1223,
    1229,
    1230,
    1233,
    1238,
    1244,
    1249,
    1251,
    1252,
    1254,
    1259,
    1262,
    1263,
    1266,
    1267,
    1278,
    1279,
    1281,
    1282,
    1283,
    1284,
    1286,
    1289,
    1294,
    1297,
    1299,
    1300,
    1304,
    1308,
    1310,
    1311,
    1315,
    1317,
    1323,
    1325,
    1327,
    1337,
    1339,
    1340,
    1345,
    1346,
    1347,
    1348,
    1353,
    1356,
    1359,
    1360,
    1361,
    1362,
    1363,
    1367,
    1371,
    1372,
    1376,
    1377,
    1379,
    1383,
    1384,
    1391,
    1394,
    1396,
    1398,
    1404,
    1411,
    1412,
    1413,
    1417,
    1419,
    1421,
    1423,
    1425,
    1426,
    1432,
    1437,
    1438,
    1439,
    1440,
    1446,
    1454,
    1460,
    1461,
    1463,
    1464,
    1465,
    1467,
    1469,
    1470,
    1478,
    1480,
    1481,
    1485,
    1487,
    1488,
    1495,
    1496,
    1497,
    1498,
    1500
  ],
  "best_csv": "E:\\STUDY\\洪\\LTR-DQN-main\\seed_search_outputs\\best_seed_sets\\T6C9_1_best500.csv"
}