{
  "file": "T6M5_1.py",
  "market": "Main board market",
  "sampling_rate": "50%",
  "suffix": 1,
  "loss": 3.0651709214499186e-12,
  "targets": {
    "ARR": {
      "mean": 0.832,
      "std": 1.331
    }
  },
  "achieved": {
    "ARR": {
      "mean": 0.831999838152504,
      "std": 1.33099768416339
    }
  },
  "seed_count": 500,
  "seed_list": [
    1,
    3,
    7,
    9,
    12,
    13,
    14,
    25,
    27,
    28,
    29,
    34,
    35,
    36,
    40,
    46,
    47,
    48,
    55,
    58,
    63,
    65,
    66,
    69,
    74,
    77,
    78,
    80,
    86,
    88,
    89,
    91,
    92,
    95,
    96,
    97,
    102,
    106,
    115,
    117,
    118,
    127,
    134,
    139,
    140,
    141,
    154,
    155,
    157,
    159,
    161,
    163,
    169,
    171,
    172,
    174,
    176,
    177,
    182,
    187,
    188,
    189,
    192,
    209,
    212,
    213,
    216,
    217,
    220,
    221,
    223,
    227,
    230,
    231,
    239,
    241,
    242,
    244,
    248,
    249,
    253,
    255,
    259,
    261,
    262,
    264,
    267,
    268,
    271,
    280,
    283,
    284,
    285,
    286,
    288,
    293,
    297,
    299,
    301,
    303,
    306,
    311,
    313,
    316,
    317,
    320,
    329,
    330,
    335,
    336,
    339,
    340,
    342,
    343,
    344,
    350,
    353,
    366,
    369,
    372,
    374,
    378,
    379,
    380,
    382,
    385,
    386,
    387,
    390,
    396,
    401,
    407,
    408,
    410,
    411,
    412,
    413,
    415,
    420,
    422,
    427,
    429,
    430,
    435,
    441,
    448,
    453,
    462,
    465,
    466,
    469,
    474,
    475,
    476,
    478,
    480,
    485,
    488,
    490,
    499,
    505,
    506,
    508,
    512,
    515,
    516,
    520,
    527,
    530,
    532,
    534,
    536,
    537,
    539,
    542,
    544,
    552,
    554,
    555,
    559,
    560,
    561,
    567,
    568,
    569,
    570,
    574,
    576,
    580,
    590,
    591,
    594,
    596,
    599,
    604,
    608,
    609,
    610,
    619,
    624,
    629,
    630,
    631,
    633,
    635,
    638,
    641,
    644,
    645,
    649,
    651,
    654,
    657,
    658,
    662,
    663,
    674,
    675,
    676,
    680,
    682,
    689,
    690,
    694,
    696,
    705,
    706,
    708,
    712,
    713,
    714,
    715,
    723,
    724,
    737,
    738,
    741,
    744,
    746,
    747,
    749,
    752,
    760,
    763,
    771,
    772,
    773,
    774,
    778,
    784,
    785,
    787,
    789,
    793,
    794,
    796,
    803,
    804,
    805,
    811,
    813,
    815,
    818,
    822,
    824,
    825,
    842,
    848,
    852,
    855,
    857,
    858,
    860,
    861,
    867,
    869,
    870,
    873,
    874,
    881,
    882,
    885,
    886,
    887,
    894,
    897,
    899,
    906,
    907,
    910,
    912,
    915,
    917,
    925,
    927,
    929,
    933,
    934,
    938,
    940,
    941,
    944,
    949,
    953,
    955,
    962,
    966,
    968,
    972,
    976,
    979,
    984,
    988,
    991,
    993,
    994,
    995,
    999,
    1000,
    1004,
    1006,
    1010,
    1011,
    1012,
    1013,
    1014,
    1016,
    1017,
    1023,
    1026,
    1027,
    1028,
    1033,
    1038,
    1040,
    1042,
    1047,
    1048,
    1051,
    1052,
    1053,
    1055,
    1057,
    1062,
    1066,
    1070,
    1071,
    1073,
    1074,
    1077,
    1081,
    1083,
    1085,
    1088,
    1095,
    1096,
    1097,
    1106,
    1107,
    1115,
    1123,
    1126,
    1128,
    1130,
    1137,
    1138,
    1139,
    1144,
    1149,
    1150,
    1153,
    1154,
    1155,
    1164,
    1169,
    1173,
    1174,
    1175,
    1176,
    1179,
    1180,
    1184,
    1187,
    1188,
    1190,
    1191,
    1195,
    1197,
    1198,
    1199,
    1203,
    1205,
    1213,
    1214,
    1216,
    1223,
    1225,
    1227,
    1233,
    1234,
    1237,
    1238,
    1244,
    1245,
    1250,
    1251,
    1252,
    1255,
    1258,
    1259,
    1261,
    1264,
    1266,
    1268,
    1269,
    1274,
    1278,
    1279,
    1280,
    1281,
    1283,
    1285,
    1290,
    1295,
    1296,
    1298,
    1300,
    1303,
    1304,
    1306,
    1307,
    1311,
    1312,
    1314,
    1320,
    1321,
    1322,
    1326,
    1331,
    1334,
    1339,
    1340,
    1341,
    1343,
    1344,
    1345,
    1349,
    1353,
    1357,
    1361,
    1362,
    1371,
    1378,
    1384,
    1385,
    1386,
    1387,
    1388,
    1389,
    1391,
    1393,
    1394,
    1397,
    1399,
    1400,
    1405,
    1408,
    1409,
    1410,
    1411,
    1413,
    1419,
    1420,
    1421,
    1422,
    1427,
    1429,
    1432,
    1435,
    1436,
    1442,
    1448,
    1450,
    1452,
    1456,
    1458,
    1462,
    1463,
    1464,
    1466,
    1470,
    1473,
    1476,
    1482,
    1484,
    1492,
    1493,
    1495,
    1497,
    1498
  ],
  "best_csv": "E:\\STUDY\\洪\\LTR-DQN-main\\seed_search_outputs\\best_seed_sets\\T6M5_1_best500.csv"
}