{
  "file": "T6M5_2.py",
  "market": "Main board market",
  "sampling_rate": "50%",
  "suffix": 2,
  "loss": 1.6590806230321806e-09,
  "targets": {
    "ARR": {
      "mean": 0.94,
      "std": 1.363
    },
    "dqn_ARR": {
      "mean": 1.356,
      "std": 1.503
    }
  },
  "achieved": {
    "ARR": {
      "mean": 0.9400220665900708,
      "std": 1.3630222904244111
    },
    "dqn_ARR": {
      "mean": 1.3560298123219088,
      "std": 1.5030284057996455
    }
  },
  "seed_count": 500,
  "seed_list": [
    3,
    5,
    6,
    9,
    10,
    11,
    12,
    13,
    20,
    22,
    24,
    28,
    29,
    40,
    41,
    42,
    44,
    45,
    46,
    47,
    50,
    55,
    56,
    58,
    61,
    62,
    66,
    68,
    73,
    76,
    78,
    80,
    82,
    84,
    86,
    88,
    92,
    93,
    94,
    97,
    98,
    99,
    102,
    103,
    112,
    113,
    115,
    120,
    122,
    123,
    124,
    125,
    127,
    128,
    131,
    133,
    134,
    141,
    146,
    147,
    148,
    151,
    152,
    158,
    167,
    169,
    170,
    174,
    176,
    177,
    179,
    180,
    188,
    190,
    191,
    192,
    193,
    196,
    198,
    200,
    204,
    208,
    209,
    211,
    213,
    214,
    216,
    221,
    226,
    230,
    232,
    243,
    246,
    247,
    248,
    250,
    254,
    257,
    259,
    262,
    263,
    264,
    268,
    269,
    274,
    281,
    283,
    284,
    289,
    290,
    296,
    297,
    303,
    305,
    306,
    308,
    314,
    316,
    319,
    321,
    323,
    324,
    338,
    340,
    341,
    342,
    343,
    354,
    360,
    365,
    367,
    369,
    372,
    373,
    374,
    376,
    377,
    382,
    383,
    384,
    386,
    390,
    393,
    396,
    399,
    401,
    403,
    405,
    407,
    420,
    422,
    425,
    427,
    438,
    439,
    440,
    441,
    442,
    447,
    450,
    452,
    453,
    454,
    463,
    465,
    467,
    471,
    476,
    483,
    488,
    489,
    490,
    491,
    492,
    493,
    496,
    499,
    501,
    502,
    503,
    504,
    509,
    510,
    515,
    520,
    523,
    524,
    528,
    533,
    534,
    535,
    536,
    537,
    539,
    540,
    541,
    546,
    549,
    550,
    555,
    559,
    564,
    565,
    566,
    570,
    577,
    581,
    582,
    585,
    589,
    591,
    592,
    595,
    596,
    597,
    599,
    600,
    604,
    605,
    607,
    609,
    614,
    619,
    622,
    624,
    627,
    630,
    635,
    639,
    643,
    644,
    646,
    647,
    653,
    655,
    656,
    657,
    665,
    668,
    670,
    671,
    672,
    675,
    676,
    682,
    683,
    685,
    687,
    688,
    691,
    692,
    706,
    707,
    710,
    713,
    715,
    720,
    734,
    736,
    737,
    739,
    740,
    751,
    758,
    759,
    763,
    765,
    776,
    777,
    778,
    780,
    784,
    789,
    790,
    791,
    793,
    795,
    798,
    805,
    806,
    808,
    809,
    812,
    813,
    815,
    817,
    823,
    824,
    825,
    826,
    829,
    834,
    837,
    840,
    841,
    843,
    844,
    846,
    854,
    859,
    861,
    874,
    878,
    879,
    883,
    886,
    888,
    890,
    893,
    896,
    898,
    899,
    901,
    904,
    905,
    911,
    913,
    916,
    917,
    923,
    928,
    932,
    933,
    934,
    936,
    937,
    938,
    941,
    946,
    948,
    955,
    964,
    969,
    971,
    973,
    977,
    981,
    986,
    987,
    995,
    996,
    1001,
    1002,
    1004,
    1005,
    1006,
    1008,
    1009,
    1010,
    1011,
    1012,
    1028,
    1032,
    1033,
    1034,
    1035,
    1037,
    1040,
    1041,
    1044,
    1048,
    1049,
    1056,
    1060,
    1061,
    1064,
    1065,
    1069,
    1071,
    1075,
    1079,
    1080,
    1082,
    1090,
    1092,
    1093,
    1101,
    1104,
    1105,
    1106,
    1107,
    1108,
    1111,
    1119,
    1126,
    1128,
    1131,
    1132,
    1134,
    1139,
    1142,
    1143,
    1145,
    1148,
    1154,
    1157,
    1163,
    1164,
    1168,
    1170,
    1174,
    1175,
    1181,
    1186,
    1189,
    1198,
    1200,
    1203,
    1204,
    1206,
    1207,
    1211,
    1214,
    1216,
    1221,
    1222,
    1229,
    1231,
    1234,
    1236,
    1239,
    1249,
    1250,
    1254,
    1258,
    1263,
    1264,
    1265,
    1268,
    1271,
    1272,
    1273,
    1278,
    1285,
    1286,
    1289,
    1295,
    1296,
    1300,
    1301,
    1310,
    1311,
    1314,
    1324,
    1326,
    1329,
    1330,
    1331,
    1332,
    1334,
    1346,
    1349,
    1351,
    1357,
    1358,
    1359,
    1363,
    1370,
    1371,
    1373,
    1375,
    1378,
    1379,
    1384,
    1385,
    1388,
    1390,
    1392,
    1394,
    1395,
    1396,
    1399,
    1401,
    1402,
    1404,
    1416,
    1417,
    1421,
    1423,
    1426,
    1427,
    1431,
    1434,
    1438,
    1441,
    1446,
    1447,
    1454,
    1456,
    1457,
    1458,
    1460,
    1462,
    1465,
    1466,
    1476,
    1478,
    1479,
    1491,
    1495
  ],
  "best_csv": "E:\\STUDY\\洪\\LTR-DQN-main\\seed_search_outputs\\best_seed_sets\\T6M5_2_best500.csv"
}