{
  "file": "T6M6_2.py",
  "market": "Main board market",
  "sampling_rate": "60%",
  "suffix": 2,
  "loss": 8.824990588314414e-10,
  "targets": {
    "ARR": {
      "mean": 1.013,
      "std": 1.215
    },
    "dqn_ARR": {
      "mean": 1.504,
      "std": 1.473
    }
  },
  "achieved": {
    "ARR": {
      "mean": 1.0130238223812364,
      "std": 1.2150143328032406
    },
    "dqn_ARR": {
      "mean": 1.5040188735805722,
      "std": 1.4730084401197734
    }
  },
  "seed_count": 500,
  "seed_list": [
    1,
    3,
    4,
    8,
    12,
    18,
    24,
    25,
    29,
    31,
    39,
    40,
    44,
    49,
    53,
    54,
    55,
    56,
    58,
    59,
    62,
    64,
    66,
    69,
    70,
    72,
    75,
    77,
    79,
    81,
    82,
    83,
    91,
    95,
    98,
    102,
    103,
    104,
    106,
    107,
    112,
    118,
    121,
    122,
    128,
    134,
    135,
    143,
    144,
    155,
    159,
    163,
    168,
    171,
    175,
    176,
    179,
    180,
    194,
    195,
    196,
    197,
    201,
    203,
    205,
    206,
    208,
    213,
    214,
    215,
    218,
    220,
    222,
    223,
    225,
    226,
    227,
    230,
    231,
    233,
    235,
    236,
    238,
    241,
    245,
    251,
    256,
    261,
    262,
    264,
    268,
    273,
    282,
    284,
    285,
    286,
    289,
    294,
    297,
    300,
    308,
    312,
    314,
    321,
    322,
    324,
    327,
    331,
    332,
    333,
    337,
    343,
    350,
    354,
    355,
    356,
    357,
    360,
    361,
    363,
    364,
    368,
    374,
    377,
    379,
    380,
    384,
    389,
    395,
    398,
    400,
    414,
    416,
    419,
    423,
    425,
    426,
    432,
    433,
    434,
    439,
    440,
    441,
    445,
    447,
    448,
    450,
    452,
    454,
    456,
    459,
    460,
    465,
    466,
    471,
    472,
    475,
    478,
    479,
    488,
    491,
    493,
    494,
    495,
    502,
    510,
    514,
    517,
    519,
    520,
    521,
    526,
    529,
    530,
    535,
    539,
    540,
    542,
    543,
    545,
    553,
    555,
    559,
    563,
    565,
    569,
    572,
    577,
    578,
    584,
    588,
    594,
    595,
    598,
    602,
    607,
    609,
    615,
    620,
    622,
    625,
    630,
    635,
    636,
    638,
    642,
    643,
    644,
    648,
    649,
    653,
    655,
    658,
    659,
    662,
    666,
    669,
    671,
    672,
    674,
    676,
    680,
    687,
    691,
    693,
    694,
    696,
    699,
    701,
    705,
    707,
    708,
    712,
    724,
    729,
    736,
    737,
    740,
    742,
    743,
    745,
    747,
    748,
    749,
    753,
    764,
    765,
    769,
    771,
    774,
    776,
    785,
    788,
    789,
    791,
    792,
    798,
    802,
    803,
    804,
    807,
    808,
    820,
    823,
    827,
    831,
    838,
    841,
    842,
    843,
    847,
    849,
    853,
    854,
    855,
    856,
    860,
    865,
    868,
    870,
    873,
    874,
    879,
    885,
    886,
    891,
    893,
    894,
    895,
    897,
    900,
    903,
    906,
    907,
    911,
    928,
    930,
    933,
    938,
    940,
    946,
    947,
    953,
    968,
    970,
    971,
    972,
    980,
    986,
    987,
    989,
    991,
    993,
    995,
    996,
    1002,
    1003,
    1004,
    1007,
    1009,
    1011,
    1012,
    1016,
    1022,
    1024,
    1028,
    1029,
    1031,
    1032,
    1034,
    1036,
    1038,
    1041,
    1042,
    1043,
    1045,
    1048,
    1054,
    1055,
    1057,
    1061,
    1069,
    1072,
    1076,
    1079,
    1080,
    1082,
    1083,
    1086,
    1090,
    1094,
    1097,
    1099,
    1100,
    1101,
    1106,
    1113,
    1115,
    1116,
    1117,
    1119,
    1120,
    1125,
    1131,
    1132,
    1135,
    1141,
    1144,
    1146,
    1148,
    1149,
    1150,
    1153,
    1154,
    1155,
    1160,
    1172,
    1177,
    1180,
    1181,
    1182,
    1183,
    1185,
    1186,
    1189,
    1193,
    1194,
    1199,
    1201,
    1206,
    1211,
    1214,
    1216,
    1217,
    1219,
    1221,
    1224,
    1225,
    1228,
    1229,
    1230,
    1236,
    1239,
    1240,
    1242,
    1243,
    1244,
    1246,
    1247,
    1250,
    1256,
    1260,
    1261,
    1263,
    1267,
    1273,
    1276,
    1277,
    1284,
    1285,
    1286,
    1294,
    1295,
    1296,
    1297,
    1299,
    1304,
    1309,
    1313,
    1314,
    1316,
    1317,
    1327,
    1328,
    1332,
    1335,
    1336,
    1340,
    1342,
    1347,
    1348,
    1351,
    1359,
    1360,
    1362,
    1370,
    1374,
    1375,
    1376,
    1377,
    1378,
    1380,
    1383,
    1385,
    1386,
    1387,
    1389,
    1392,
    1394,
    1402,
    1404,
    1408,
    1409,
    1411,
    1413,
    1426,
    1427,
    1433,
    1439,
    1441,
    1442,
    1444,
    1445,
    1447,
    1449,
    1450,
    1452,
    1454,
    1455,
    1457,
    1458,
    1459,
    1460,
    1461,
    1467,
    1468,
    1469,
    1471,
    1472,
    1476,
    1477,
    1478,
    1483,
    1486,
    1488,
    1492,
    1493,
    1495,
    1498,
    1499
  ],
  "best_csv": "E:\\STUDY\\洪\\LTR-DQN-main\\seed_search_outputs\\best_seed_sets\\T6M6_2_best500.csv"
}