{
  "file": "T6M6_1.py",
  "market": "Main board market",
  "sampling_rate": "60%",
  "suffix": 1,
  "loss": 1.1046213721940589e-13,
  "targets": {
    "ARR": {
      "mean": 0.814,
      "std": 0.967
    }
  },
  "achieved": {
    "ARR": {
      "mean": 0.8140002160312659,
      "std": 0.966999806532797
    }
  },
  "seed_count": 500,
  "seed_list": [
    5,
    6,
    14,
    16,
    25,
    26,
    30,
    32,
    34,
    38,
    40,
    44,
    45,
    49,
    53,
    56,
    62,
    65,
    69,
    70,
    73,
    79,
    86,
    90,
    93,
    95,
    98,
    99,
    101,
    103,
    108,
    110,
    112,
    114,
    116,
    117,
    127,
    129,
    130,
    132,
    133,
    144,
    145,
    146,
    149,
    150,
    151,
    156,
    160,
    164,
    167,
    171,
    177,
    178,
    181,
    184,
    187,
    193,
    197,
    198,
    202,
    204,
    206,
    208,
    209,
    211,
    213,
    216,
    220,
    223,
    225,
    231,
    233,
    236,
    237,
    238,
    239,
    240,
    242,
    244,
    245,
    246,
    250,
    256,
    258,
    260,
    263,
    268,
    269,
    272,
    274,
    279,
    280,
    281,
    284,
    285,
    291,
    294,
    297,
    299,
    302,
    304,
    308,
    314,
    315,
    316,
    317,
    318,
    319,
    322,
    329,
    331,
    333,
    337,
    339,
    341,
    344,
    345,
    353,
    354,
    359,
    364,
    371,
    373,
    374,
    377,
    380,
    381,
    382,
    384,
    386,
    387,
    390,
    391,
    392,
    393,
    396,
    397,
    399,
    405,
    406,
    407,
    408,
    411,
    414,
    417,
    418,
    421,
    425,
    432,
    436,
    445,
    446,
    448,
    449,
    454,
    457,
    461,
    468,
    469,
    471,
    472,
    477,
    479,
    480,
    488,
    492,
    500,
    503,
    505,
    507,
    508,
    509,
    510,
    516,
    517,
    520,
    522,
    523,
    524,
    528,
    530,
    531,
    532,
    538,
    542,
    543,
    544,
    545,
    546,
    548,
    549,
    550,
    551,
    555,
    559,
    561,
    568,
    572,
    573,
    575,
    577,
    578,
    583,
    585,
    588,
    589,
    592,
    597,
    598,
    601,
    604,
    610,
    618,
    623,
    625,
    629,
    637,
    641,
    642,
    647,
    650,
    665,
    666,
    667,
    668,
    670,
    673,
    682,
    686,
    689,
    691,
    693,
    694,
    695,
    712,
    715,
    716,
    724,
    726,
    728,
    733,
    736,
    737,
    742,
    743,
    744,
    753,
    755,
    765,
    767,
    771,
    773,
    774,
    779,
    780,
    782,
    783,
    784,
    785,
    787,
    794,
    796,
    798,
    800,
    802,
    804,
    806,
    810,
    815,
    819,
    820,
    823,
    824,
    826,
    828,
    830,
    831,
    832,
    836,
    839,
    840,
    841,
    846,
    850,
    851,
    854,
    857,
    860,
    861,
    865,
    867,
    878,
    882,
    883,
    888,
    890,
    901,
    909,
    912,
    916,
    923,
    924,
    925,
    927,
    930,
    931,
    933,
    936,
    937,
    943,
    945,
    946,
    947,
    950,
    951,
    953,
    954,
    958,
    970,
    972,
    978,
    981,
    982,
    989,
    992,
    993,
    998,
    999,
    1003,
    1004,
    1005,
    1011,
    1013,
    1016,
    1018,
    1021,
    1024,
    1025,
    1026,
    1030,
    1032,
    1035,
    1038,
    1040,
    1044,
    1045,
    1047,
    1049,
    1055,
    1057,
    1064,
    1072,
    1074,
    1079,
    1083,
    1086,
    1090,
    1093,
    1094,
    1098,
    1102,
    1104,
    1114,
    1115,
    1116,
    1119,
    1125,
    1126,
    1128,
    1134,
    1137,
    1138,
    1141,
    1143,
    1145,
    1147,
    1150,
    1155,
    1158,
    1159,
    1160,
    1162,
    1165,
    1170,
    1173,
    1174,
    1180,
    1182,
    1183,
    1186,
    1187,
    1189,
    1190,
    1194,
    1198,
    1199,
    1202,
    1206,
    1211,
    1213,
    1215,
    1218,
    1221,
    1224,
    1226,
    1228,
    1229,
    1230,
    1238,
    1239,
    1241,
    1243,
    1247,
    1249,
    1251,
    1252,
    1260,
    1273,
    1275,
    1276,
    1278,
    1279,
    1281,
    1283,
    1284,
    1286,
    1289,
    1292,
    1294,
    1297,
    1299,
    1304,
    1305,
    1308,
    1311,
    1319,
    1322,
    1323,
    1324,
    1325,
    1326,
    1327,
    1332,
    1339,
    1340,
    1341,
    1344,
    1347,
    1359,
    1360,
    1361,
    1362,
    1363,
    1365,
    1367,
    1372,
    1379,
    1383,
    1384,
    1385,
    1394,
    1395,
    1396,
    1398,
    1402,
    1404,
    1411,
    1412,
    1413,
    1420,
    1421,
    1426,
    1430,
    1437,
    1438,
    1440,
    1443,
    1445,
    1449,
    1452,
    1454,
    1458,
    1461,
    1462,
    1464,
    1465,
    1466,
    1467,
    1471,
    1478,
    1480,
    1485,
    1486,
    1488,
    1489,
    1490,
    1495,
    1496,
    1498
  ],
  "best_csv": "E:\\STUDY\\洪\\LTR-DQN-main\\seed_search_outputs\\best_seed_sets\\T6M6_1_best500.csv"
}