{
  "file": "T6M7_1.py",
  "market": "Main board market",
  "sampling_rate": "70%",
  "suffix": 1,
  "loss": 2.967972102296948e-14,
  "targets": {
    "ARR": {
      "mean": 1.035,
      "std": 1.226
    }
  },
  "achieved": {
    "ARR": {
      "mean": 1.0349998410104575,
      "std": 1.2260000956181074
    }
  },
  "seed_count": 500,
  "seed_list": [
    1,
    2,
    6,
    12,
    13,
    15,
    21,
    22,
    28,
    29,
    32,
    33,
    37,
    38,
    39,
    41,
    42,
    43,
    44,
    45,
    47,
    49,
    54,
    55,
    56,
    59,
    62,
    63,
    64,
    69,
    74,
    75,
    76,
    78,
    79,
    81,
    82,
    85,
    88,
    89,
    92,
    96,
    97,
    101,
    102,
    104,
    105,
    108,
    109,
    112,
    114,
    117,
    118,
    121,
    127,
    132,
    134,
    145,
    149,
    150,
    153,
    154,
    155,
    158,
    161,
    170,
    173,
    174,
    175,
    177,
    178,
    188,
    195,
    199,
    201,
    202,
    205,
    211,
    220,
    221,
    222,
    224,
    226,
    229,
    233,
    238,
    239,
    241,
    244,
    252,
    253,
    254,
    256,
    258,
    259,
    260,
    261,
    266,
    268,
    274,
    278,
    279,
    281,
    283,
    291,
    292,
    295,
    301,
    305,
    313,
    317,
    318,
    320,
    321,
    323,
    326,
    333,
    337,
    338,
    340,
    350,
    351,
    352,
    360,
    364,
    367,
    370,
    371,
    372,
    374,
    377,
    380,
    384,
    388,
    390,
    391,
    401,
    407,
    408,
    410,
    413,
    414,
    423,
    428,
    431,
    435,
    444,
    446,
    449,
    453,
    455,
    456,
    458,
    459,
    462,
    463,
    465,
    467,
    471,
    474,
    475,
    477,
    479,
    480,
    485,
    486,
    490,
    493,
    494,
    495,
    499,
    503,
    504,
    505,
    506,
    511,
    520,
    521,
    523,
    526,
    527,
    529,
    530,
    533,
    534,
    535,
    536,
    538,
    541,
    548,
    552,
    554,
    556,
    557,
    558,
    561,
    564,
    568,
    569,
    571,
    579,
    582,
    583,
    586,
    587,
    591,
    592,
    595,
    601,
    602,
    606,
    613,
    615,
    618,
    619,
    620,
    624,
    625,
    636,
    639,
    640,
    641,
    648,
    654,
    656,
    657,
    658,
    659,
    662,
    663,
    669,
    672,
    673,
    676,
    678,
    680,
    685,
    687,
    690,
    696,
    699,
    701,
    704,
    705,
    709,
    710,
    711,
    720,
    731,
    735,
    743,
    746,
    747,
    749,
    751,
    752,
    755,
    759,
    760,
    761,
    765,
    766,
    770,
    773,
    775,
    776,
    777,
    785,
    788,
    790,
    793,
    797,
    802,
    804,
    807,
    808,
    809,
    811,
    817,
    824,
    827,
    829,
    831,
    833,
    835,
    845,
    847,
    849,
    852,
    853,
    854,
    858,
    860,
    864,
    869,
    871,
    873,
    874,
    882,
    885,
    894,
    897,
    899,
    901,
    903,
    904,
    908,
    912,
    916,
    919,
    928,
    936,
    943,
    947,
    949,
    951,
    953,
    955,
    965,
    970,
    971,
    977,
    979,
    981,
    984,
    986,
    989,
    990,
    993,
    999,
    1000,
    1001,
    1005,
    1008,
    1009,
    1014,
    1016,
    1022,
    1025,
    1026,
    1029,
    1033,
    1038,
    1039,
    1045,
    1050,
    1052,
    1053,
    1056,
    1061,
    1063,
    1064,
    1067,
    1070,
    1073,
    1074,
    1075,
    1076,
    1078,
    1082,
    1085,
    1088,
    1089,
    1093,
    1094,
    1095,
    1096,
    1098,
    1102,
    1104,
    1105,
    1107,
    1108,
    1109,
    1111,
    1116,
    1117,
    1118,
    1123,
    1124,
    1125,
    1131,
    1132,
    1140,
    1142,
    1147,
    1148,
    1151,
    1159,
    1163,
    1169,
    1173,
    1176,
    1178,
    1180,
    1181,
    1183,
    1188,
    1190,
    1192,
    1194,
    1199,
    1201,
    1202,
    1204,
    1207,
    1210,
    1211,
    1212,
    1214,
    1217,
    1219,
    1221,
    1223,
    1228,
    1229,
    1234,
    1236,
    1237,
    1239,
    1242,
    1246,
    1251,
    1255,
    1259,
    1261,
    1264,
    1265,
    1266,
    1270,
    1277,
    1283,
    1285,
    1288,
    1289,
    1292,
    1299,
    1300,
    1302,
    1305,
    1306,
    1307,
    1311,
    1312,
    1313,
    1314,
    1316,
    1317,
    1318,
    1321,
    1323,
    1326,
    1329,
    1330,
    1338,
    1339,
    1342,
    1345,
    1346,
    1351,
    1352,
    1353,
    1354,
    1355,
    1357,
    1364,
    1369,
    1370,
    1378,
    1387,
    1393,
    1394,
    1395,
    1400,
    1402,
    1411,
    1417,
    1424,
    1427,
    1429,
    1433,
    1436,
    1440,
    1446,
    1451,
    1453,
    1457,
    1460,
    1462,
    1463,
    1468,
    1474,
    1481,
    1488,
    1491,
    1492,
    1493,
    1496,
    1498,
    1499
  ],
  "best_csv": "E:\\STUDY\\洪\\LTR-DQN-main\\seed_search_outputs\\best_seed_sets\\T6M7_1_best500.csv"
}