{
  "file": "T6M7_2.py",
  "market": "Main board market",
  "sampling_rate": "70%",
  "suffix": 2,
  "loss": 5.302602256290405e-10,
  "targets": {
    "ARR": {
      "mean": 1.052,
      "std": 1.062
    },
    "dqn_ARR": {
      "mean": 1.762,
      "std": 1.334
    }
  },
  "achieved": {
    "ARR": {
      "mean": 1.0519798874821584,
      "std": 1.0619987645767854
    },
    "dqn_ARR": {
      "mean": 1.76198873546756,
      "std": 1.3339852338655953
    }
  },
  "seed_count": 500,
  "seed_list": [
    5,
    9,
    13,
    16,
    19,
    24,
    25,
    29,
    31,
    33,
    37,
    38,
    39,
    40,
    42,
    44,
    47,
    48,
    53,
    59,
    60,
    61,
    65,
    70,
    72,
    73,
    76,
    78,
    79,
    81,
    88,
    91,
    96,
    97,
    100,
    107,
    111,
    116,
    117,
    122,
    130,
    131,
    137,
    145,
    147,
    148,
    149,
    156,
    161,
    163,
    164,
    172,
    173,
    179,
    183,
    184,
    186,
    194,
    195,
    196,
    200,
    202,
    204,
    211,
    213,
    215,
    220,
    221,
    224,
    225,
    226,
    227,
    228,
    232,
    238,
    242,
    244,
    245,
    249,
    255,
    257,
    259,
    261,
    264,
    270,
    271,
    274,
    276,
    281,
    283,
    289,
    290,
    301,
    305,
    307,
    310,
    315,
    317,
    318,
    323,
    325,
    326,
    331,
    333,
    334,
    349,
    352,
    356,
    358,
    359,
    365,
    373,
    377,
    378,
    379,
    380,
    384,
    386,
    387,
    394,
    398,
    403,
    404,
    405,
    407,
    408,
    411,
    414,
    417,
    418,
    420,
    422,
    423,
    427,
    428,
    429,
    431,
    433,
    434,
    436,
    440,
    441,
    443,
    445,
    450,
    453,
    462,
    463,
    464,
    466,
    467,
    468,
    470,
    471,
    474,
    476,
    479,
    481,
    482,
    484,
    489,
    490,
    491,
    492,
    501,
    503,
    505,
    510,
    512,
    516,
    517,
    528,
    531,
    532,
    533,
    537,
    542,
    546,
    548,
    549,
    550,
    551,
    552,
    554,
    560,
    561,
    563,
    564,
    565,
    570,
    571,
    573,
    574,
    585,
    586,
    589,
    596,
    599,
    600,
    603,
    604,
    608,
    609,
    613,
    614,
    615,
    616,
    617,
    621,
    629,
    633,
    636,
    638,
    639,
    642,
    644,
    646,
    649,
    652,
    654,
    661,
    664,
    665,
    667,
    676,
    677,
    678,
    680,
    682,
    683,
    689,
    692,
    694,
    696,
    701,
    703,
    704,
    705,
    712,
    718,
    723,
    725,
    727,
    728,
    730,
    743,
    745,
    746,
    750,
    753,
    756,
    757,
    758,
    761,
    763,
    767,
    768,
    769,
    776,
    777,
    779,
    780,
    784,
    790,
    791,
    794,
    799,
    807,
    808,
    810,
    822,
    824,
    825,
    828,
    836,
    840,
    844,
    846,
    853,
    856,
    857,
    863,
    865,
    867,
    871,
    872,
    873,
    875,
    891,
    892,
    896,
    900,
    901,
    903,
    905,
    907,
    908,
    914,
    919,
    922,
    923,
    925,
    930,
    931,
    932,
    934,
    935,
    936,
    943,
    955,
    965,
    968,
    975,
    976,
    979,
    986,
    988,
    991,
    993,
    996,
    997,
    1001,
    1002,
    1004,
    1010,
    1012,
    1013,
    1018,
    1021,
    1024,
    1028,
    1029,
    1030,
    1032,
    1033,
    1035,
    1036,
    1037,
    1039,
    1040,
    1045,
    1046,
    1052,
    1054,
    1055,
    1056,
    1057,
    1058,
    1060,
    1063,
    1064,
    1065,
    1066,
    1069,
    1073,
    1079,
    1082,
    1084,
    1088,
    1093,
    1094,
    1096,
    1098,
    1101,
    1104,
    1106,
    1109,
    1110,
    1113,
    1114,
    1115,
    1131,
    1139,
    1141,
    1143,
    1149,
    1155,
    1156,
    1159,
    1160,
    1162,
    1165,
    1167,
    1168,
    1171,
    1178,
    1179,
    1182,
    1184,
    1186,
    1187,
    1190,
    1192,
    1196,
    1197,
    1202,
    1204,
    1205,
    1206,
    1207,
    1208,
    1211,
    1221,
    1222,
    1225,
    1228,
    1235,
    1236,
    1238,
    1240,
    1241,
    1242,
    1246,
    1248,
    1252,
    1253,
    1258,
    1259,
    1260,
    1264,
    1266,
    1267,
    1273,
    1274,
    1279,
    1281,
    1282,
    1283,
    1285,
    1286,
    1287,
    1291,
    1292,
    1293,
    1297,
    1298,
    1299,
    1300,
    1301,
    1303,
    1310,
    1312,
    1314,
    1320,
    1325,
    1327,
    1328,
    1329,
    1330,
    1332,
    1337,
    1346,
    1351,
    1356,
    1357,
    1359,
    1360,
    1362,
    1368,
    1370,
    1373,
    1380,
    1382,
    1385,
    1387,
    1390,
    1391,
    1392,
    1393,
    1395,
    1397,
    1398,
    1401,
    1403,
    1407,
    1414,
    1416,
    1425,
    1429,
    1432,
    1433,
    1434,
    1435,
    1436,
    1438,
    1440,
    1441,
    1448,
    1453,
    1456,
    1460,
    1462,
    1473,
    1477,
    1484,
    1486,
    1488,
    1490,
    1492,
    1499
  ],
  "best_csv": "E:\\STUDY\\洪\\LTR-DQN-main\\seed_search_outputs\\best_seed_sets\\T6M7_2_best500.csv"
}