{
  "file": "T6M8_2.py",
  "market": "Main board market",
  "sampling_rate": "80%",
  "suffix": 2,
  "loss": 7.266082342236603e-10,
  "targets": {
    "ARR": {
      "mean": 1.095,
      "std": 0.852
    },
    "dqn_ARR": {
      "mean": 1.838,
      "std": 1.256
    }
  },
  "achieved": {
    "ARR": {
      "mean": 1.0950198307055523,
      "std": 0.8520035828140726
    },
    "dqn_ARR": {
      "mean": 1.8379676274939587,
      "std": 1.2559894369004723
    }
  },
  "seed_count": 500,
  "seed_list": [
    3,
    5,
    7,
    10,
    13,
    14,
    15,
    20,
    25,
    27,
    29,
    34,
    37,
    39,
    40,
    42,
    43,
    45,
    47,
    48,
    53,
    54,
    57,
    58,
    59,
    61,
    63,
    64,
    66,
    68,
    69,
    71,
    79,
    87,
    93,
    97,
    103,
    106,
    107,
    109,
    111,
    114,
    118,
    122,
    129,
    130,
    132,
    135,
    136,
    138,
    140,
    141,
    143,
    148,
    150,
    152,
    155,
    159,
    161,
    162,
    163,
    167,
    168,
    178,
    180,
    181,
    189,
    190,
    196,
    197,
    203,
    204,
    212,
    218,
    219,
    222,
    227,
    229,
    230,
    233,
    235,
    241,
    245,
    246,
    250,
    251,
    256,
    257,
    262,
    266,
    269,
    271,
    275,
    277,
    278,
    280,
    283,
    287,
    292,
    293,
    294,
    304,
    314,
    319,
    320,
    321,
    326,
    328,
    331,
    332,
    335,
    337,
    338,
    339,
    343,
    345,
    348,
    351,
    354,
    355,
    364,
    368,
    369,
    372,
    374,
    379,
    381,
    385,
    389,
    394,
    398,
    399,
    405,
    407,
    409,
    410,
    413,
    421,
    422,
    424,
    429,
    430,
    434,
    435,
    436,
    443,
    445,
    446,
    447,
    449,
    450,
    452,
    457,
    458,
    459,
    460,
    461,
    463,
    465,
    475,
    478,
    479,
    480,
    489,
    491,
    494,
    495,
    496,
    498,
    503,
    510,
    512,
    515,
    516,
    517,
    525,
    526,
    527,
    528,
    536,
    542,
    544,
    550,
    557,
    561,
    577,
    581,
    583,
    591,
    597,
    604,
    613,
    615,
    617,
    619,
    624,
    628,
    634,
    636,
    637,
    638,
    639,
    641,
    646,
    647,
    648,
    652,
    656,
    661,
    664,
    666,
    668,
    669,
    670,
    672,
    679,
    685,
    686,
    688,
    692,
    694,
    695,
    696,
    697,
    698,
    702,
    703,
    709,
    711,
    715,
    716,
    719,
    721,
    723,
    727,
    729,
    732,
    734,
    735,
    739,
    741,
    743,
    745,
    751,
    753,
    756,
    757,
    763,
    764,
    772,
    773,
    776,
    779,
    781,
    782,
    783,
    784,
    788,
    794,
    801,
    804,
    807,
    811,
    812,
    816,
    817,
    818,
    824,
    828,
    829,
    830,
    831,
    833,
    838,
    841,
    844,
    845,
    846,
    847,
    852,
    853,
    862,
    863,
    866,
    869,
    870,
    875,
    882,
    883,
    884,
    889,
    896,
    898,
    900,
    910,
    911,
    916,
    920,
    928,
    934,
    935,
    936,
    937,
    943,
    948,
    951,
    954,
    955,
    957,
    958,
    964,
    965,
    970,
    973,
    980,
    981,
    985,
    986,
    990,
    991,
    997,
    1000,
    1003,
    1005,
    1006,
    1010,
    1011,
    1016,
    1022,
    1024,
    1028,
    1029,
    1031,
    1036,
    1038,
    1040,
    1049,
    1053,
    1054,
    1057,
    1058,
    1059,
    1060,
    1061,
    1065,
    1072,
    1074,
    1076,
    1077,
    1081,
    1083,
    1084,
    1085,
    1086,
    1090,
    1091,
    1094,
    1098,
    1099,
    1102,
    1103,
    1109,
    1115,
    1121,
    1123,
    1125,
    1127,
    1131,
    1134,
    1135,
    1138,
    1140,
    1141,
    1142,
    1143,
    1146,
    1149,
    1152,
    1155,
    1156,
    1164,
    1165,
    1167,
    1171,
    1173,
    1174,
    1175,
    1177,
    1181,
    1183,
    1184,
    1185,
    1188,
    1191,
    1198,
    1199,
    1200,
    1203,
    1205,
    1209,
    1210,
    1216,
    1218,
    1221,
    1222,
    1223,
    1228,
    1230,
    1233,
    1234,
    1235,
    1237,
    1239,
    1247,
    1248,
    1252,
    1253,
    1258,
    1259,
    1260,
    1261,
    1262,
    1266,
    1267,
    1269,
    1270,
    1272,
    1273,
    1275,
    1283,
    1292,
    1293,
    1294,
    1295,
    1297,
    1300,
    1308,
    1313,
    1314,
    1315,
    1318,
    1324,
    1326,
    1330,
    1334,
    1337,
    1344,
    1347,
    1350,
    1357,
    1362,
    1364,
    1368,
    1370,
    1374,
    1375,
    1386,
    1388,
    1392,
    1394,
    1400,
    1403,
    1406,
    1413,
    1418,
    1423,
    1425,
    1434,
    1437,
    1440,
    1442,
    1443,
    1444,
    1445,
    1446,
    1452,
    1453,
    1454,
    1456,
    1459,
    1461,
    1463,
    1464,
    1467,
    1468,
    1469,
    1470,
    1471,
    1472,
    1474,
    1476,
    1478,
    1479,
    1480,
    1482,
    1485,
    1488,
    1490,
    1495,
    1499
  ],
  "best_csv": "E:\\STUDY\\洪\\LTR-DQN-main\\seed_search_outputs\\best_seed_sets\\T6M8_2_best500.csv"
}