{
  "file": "T6M8_1.py",
  "market": "Main board market",
  "sampling_rate": "80%",
  "suffix": 1,
  "loss": 2.152747640724093e-15,
  "targets": {
    "ARR": {
      "mean": 0.997,
      "std": 0.782
    }
  },
  "achieved": {
    "ARR": {
      "mean": 0.9970000412722854,
      "std": 0.7819999836137966
    }
  },
  "seed_count": 500,
  "seed_list": [
    1,
    2,
    6,
    9,
    11,
    13,
    15,
    19,
    23,
    24,
    29,
    33,
    35,
    38,
    41,
    43,
    46,
    49,
    50,
    55,
    56,
    58,
    62,
    66,
    67,
    68,
    70,
    74,
    78,
    81,
    82,
    93,
    95,
    96,
    97,
    98,
    99,
    100,
    101,
    107,
    111,
    124,
    137,
    138,
    142,
    146,
    159,
    162,
    168,
    172,
    173,
    176,
    178,
    183,
    186,
    191,
    200,
    201,
    202,
    205,
    208,
    213,
    214,
    217,
    219,
    220,
    222,
    223,
    224,
    226,
    228,
    229,
    230,
    234,
    238,
    241,
    247,
    249,
    250,
    251,
    257,
    258,
    259,
    262,
    267,
    269,
    272,
    274,
    287,
    289,
    290,
    296,
    298,
    304,
    306,
    315,
    316,
    336,
    339,
    343,
    346,
    349,
    360,
    363,
    366,
    368,
    373,
    375,
    376,
    380,
    382,
    383,
    390,
    391,
    392,
    393,
    395,
    398,
    399,
    402,
    403,
    408,
    411,
    417,
    420,
    421,
    429,
    430,
    431,
    432,
    435,
    438,
    441,
    447,
    449,
    452,
    456,
    457,
    458,
    460,
    461,
    466,
    468,
    472,
    476,
    479,
    481,
    482,
    505,
    506,
    509,
    512,
    513,
    517,
    518,
    519,
    525,
    526,
    528,
    531,
    532,
    537,
    538,
    539,
    540,
    543,
    546,
    550,
    552,
    560,
    566,
    567,
    568,
    569,
    572,
    573,
    580,
    581,
    587,
    597,
    605,
    608,
    611,
    612,
    613,
    618,
    619,
    621,
    622,
    625,
    633,
    634,
    635,
    641,
    643,
    645,
    646,
    648,
    650,
    652,
    655,
    658,
    662,
    665,
    666,
    667,
    669,
    673,
    675,
    677,
    679,
    680,
    688,
    689,
    695,
    697,
    700,
    703,
    705,
    707,
    708,
    709,
    717,
    723,
    724,
    728,
    730,
    736,
    740,
    743,
    745,
    746,
    747,
    749,
    751,
    752,
    753,
    755,
    764,
    766,
    771,
    772,
    776,
    779,
    780,
    786,
    789,
    793,
    796,
    797,
    798,
    799,
    804,
    807,
    809,
    817,
    820,
    821,
    822,
    827,
    828,
    829,
    832,
    834,
    842,
    844,
    845,
    846,
    847,
    849,
    852,
    854,
    856,
    857,
    866,
    872,
    874,
    877,
    881,
    882,
    889,
    892,
    898,
    901,
    902,
    908,
    910,
    912,
    915,
    918,
    919,
    920,
    932,
    934,
    936,
    939,
    942,
    946,
    948,
    949,
    951,
    952,
    956,
    960,
    961,
    962,
    965,
    972,
    975,
    976,
    981,
    987,
    988,
    991,
    992,
    997,
    1003,
    1008,
    1010,
    1011,
    1018,
    1019,
    1020,
    1024,
    1027,
    1031,
    1033,
    1035,
    1038,
    1041,
    1042,
    1044,
    1048,
    1054,
    1055,
    1060,
    1061,
    1065,
    1066,
    1067,
    1068,
    1074,
    1075,
    1076,
    1081,
    1082,
    1087,
    1096,
    1099,
    1102,
    1109,
    1114,
    1115,
    1117,
    1119,
    1120,
    1121,
    1124,
    1125,
    1126,
    1127,
    1128,
    1133,
    1134,
    1135,
    1137,
    1138,
    1146,
    1149,
    1151,
    1154,
    1159,
    1162,
    1165,
    1168,
    1178,
    1181,
    1183,
    1186,
    1187,
    1189,
    1190,
    1193,
    1194,
    1198,
    1200,
    1202,
    1212,
    1213,
    1214,
    1217,
    1218,
    1219,
    1220,
    1221,
    1223,
    1226,
    1227,
    1228,
    1229,
    1234,
    1235,
    1236,
    1240,
    1248,
    1250,
    1253,
    1259,
    1260,
    1262,
    1272,
    1274,
    1276,
    1277,
    1279,
    1281,
    1285,
    1286,
    1288,
    1291,
    1294,
    1297,
    1300,
    1303,
    1307,
    1312,
    1314,
    1315,
    1318,
    1320,
    1323,
    1324,
    1327,
    1329,
    1334,
    1335,
    1345,
    1349,
    1352,
    1353,
    1354,
    1357,
    1360,
    1361,
    1362,
    1366,
    1367,
    1368,
    1370,
    1371,
    1372,
    1374,
    1377,
    1383,
    1387,
    1389,
    1392,
    1393,
    1394,
    1397,
    1399,
    1404,
    1409,
    1410,
    1415,
    1424,
    1425,
    1426,
    1427,
    1430,
    1434,
    1440,
    1441,
    1442,
    1443,
    1446,
    1447,
    1450,
    1451,
    1454,
    1459,
    1465,
    1466,
    1467,
    1468,
    1470,
    1472,
    1473,
    1478,
    1480,
    1484,
    1486,
    1487,
    1489,
    1491,
    1494,
    1495,
    1498,
    1499,
    1500
  ],
  "best_csv": "E:\\STUDY\\洪\\LTR-DQN-main\\seed_search_outputs\\best_seed_sets\\T6M8_1_best500.csv"
}