{
  "file": "T6M9_1.py",
  "market": "Main board market",
  "sampling_rate": "90%",
  "suffix": 1,
  "loss": 8.213232227409304e-14,
  "targets": {
    "ARR": {
      "mean": 1.049,
      "std": 0.563
    }
  },
  "achieved": {
    "ARR": {
      "mean": 1.0490002315163287,
      "std": 0.5629998970726076
    }
  },
  "seed_count": 500,
  "seed_list": [
    2,
    7,
    18,
    21,
    23,
    28,
    32,
    36,
    42,
    54,
    62,
    64,
    71,
    72,
    79,
    82,
    84,
    90,
    92,
    93,
    98,
    99,
    100,
    103,
    104,
    106,
    108,
    109,
    110,
    118,
    123,
    124,
    125,
    129,
    131,
    137,
    139,
    144,
    145,
    150,
    153,
    159,
    161,
    166,
    168,
    170,
    174,
    192,
    194,
    202,
    210,
    214,
    218,
    224,
    227,
    229,
    230,
    232,
    233,
    235,
    236,
    237,
    238,
    241,
    242,
    245,
    246,
    247,
    248,
    255,
    258,
    259,
    260,
    265,
    266,
    269,
    270,
    277,
    279,
    282,
    288,
    302,
    303,
    304,
    306,
    307,
    308,
    310,
    312,
    313,
    315,
    319,
    323,
    324,
    326,
    327,
    335,
    337,
    343,
    344,
    347,
    349,
    353,
    354,
    356,
    358,
    363,
    364,
    366,
    367,
    368,
    369,
    372,
    375,
    378,
    379,
    382,
    385,
    388,
    391,
    392,
    397,
    398,
    400,
    402,
    406,
    412,
    420,
    423,
    428,
    430,
    433,
    435,
    437,
    438,
    440,
    452,
    454,
    461,
    470,
    471,
    474,
    475,
    477,
    483,
    484,
    485,
    486,
    490,
    492,
    493,
    494,
    497,
    501,
    504,
    507,
    509,
    511,
    515,
    516,
    522,
    531,
    532,
    537,
    541,
    545,
    551,
    553,
    555,
    556,
    560,
    561,
    563,
    564,
    565,
    567,
    569,
    572,
    573,
    579,
    583,
    584,
    588,
    593,
    603,
    610,
    612,
    615,
    616,
    620,
    624,
    626,
    633,
    635,
    636,
    641,
    642,
    647,
    648,
    650,
    652,
    654,
    658,
    661,
    662,
    663,
    666,
    671,
    673,
    674,
    681,
    687,
    691,
    694,
    697,
    701,
    714,
    720,
    722,
    723,
    726,
    727,
    730,
    731,
    732,
    733,
    735,
    737,
    738,
    739,
    742,
    744,
    745,
    746,
    747,
    751,
    754,
    756,
    757,
    758,
    761,
    763,
    765,
    770,
    771,
    774,
    777,
    779,
    781,
    783,
    786,
    789,
    791,
    792,
    798,
    800,
    801,
    802,
    804,
    806,
    808,
    809,
    811,
    814,
    819,
    820,
    821,
    822,
    825,
    826,
    834,
    835,
    837,
    842,
    843,
    844,
    849,
    851,
    852,
    854,
    858,
    859,
    865,
    870,
    878,
    879,
    880,
    882,
    888,
    889,
    891,
    893,
    894,
    895,
    897,
    900,
    908,
    912,
    913,
    917,
    918,
    919,
    922,
    925,
    926,
    928,
    931,
    932,
    943,
    944,
    951,
    952,
    956,
    957,
    958,
    959,
    961,
    963,
    965,
    966,
    967,
    969,
    972,
    973,
    977,
    981,
    983,
    985,
    986,
    992,
    994,
    1000,
    1003,
    1009,
    1012,
    1015,
    1018,
    1022,
    1023,
    1025,
    1029,
    1031,
    1034,
    1037,
    1046,
    1047,
    1058,
    1060,
    1067,
    1069,
    1073,
    1077,
    1080,
    1082,
    1087,
    1089,
    1092,
    1093,
    1096,
    1098,
    1106,
    1108,
    1113,
    1116,
    1119,
    1121,
    1123,
    1126,
    1127,
    1132,
    1140,
    1145,
    1146,
    1148,
    1151,
    1155,
    1156,
    1157,
    1158,
    1162,
    1165,
    1167,
    1168,
    1174,
    1176,
    1179,
    1180,
    1181,
    1182,
    1185,
    1186,
    1190,
    1191,
    1192,
    1195,
    1200,
    1211,
    1215,
    1218,
    1219,
    1220,
    1223,
    1224,
    1227,
    1228,
    1229,
    1231,
    1234,
    1238,
    1243,
    1244,
    1247,
    1250,
    1252,
    1255,
    1256,
    1264,
    1278,
    1279,
    1284,
    1285,
    1286,
    1292,
    1294,
    1297,
    1299,
    1303,
    1309,
    1313,
    1314,
    1316,
    1319,
    1321,
    1323,
    1328,
    1329,
    1330,
    1331,
    1334,
    1336,
    1337,
    1338,
    1341,
    1347,
    1359,
    1363,
    1365,
    1366,
    1367,
    1368,
    1369,
    1373,
    1377,
    1378,
    1379,
    1387,
    1390,
    1395,
    1397,
    1398,
    1400,
    1401,
    1402,
    1405,
    1406,
    1410,
    1411,
    1412,
    1415,
    1416,
    1417,
    1418,
    1422,
    1423,
    1424,
    1428,
    1429,
    1435,
    1438,
    1440,
    1442,
    1444,
    1445,
    1450,
    1454,
    1455,
    1458,
    1460,
    1463,
    1468,
    1470,
    1475,
    1482,
    1483,
    1485,
    1486,
    1493,
    1494,
    1496,
    1500
  ],
  "best_csv": "E:\\STUDY\\洪\\LTR-DQN-main\\seed_search_outputs\\best_seed_sets\\T6M9_1_best500.csv"
}