{
  "file": "T6M9_2.py",
  "market": "Main board market",
  "sampling_rate": "90%",
  "suffix": 2,
  "loss": 2.1428276090336134e-10,
  "targets": {
    "ARR": {
      "mean": 1.114,
      "std": 0.646
    },
    "dqn_ARR": {
      "mean": 1.987,
      "std": 0.918
    }
  },
  "achieved": {
    "ARR": {
      "mean": 1.1139998959106627,
      "std": 0.646001468062069
    },
    "dqn_ARR": {
      "mean": 1.9870177957847577,
      "std": 0.9179895776581148
    }
  },
  "seed_count": 500,
  "seed_list": [
    4,
    11,
    20,
    21,
    23,
    27,
    29,
    30,
    36,
    37,
    38,
    42,
    43,
    44,
    45,
    46,
    50,
    56,
    57,
    60,
    62,
    65,
    66,
    67,
    70,
    71,
    72,
    82,
    83,
    85,
    89,
    90,
    95,
    97,
    99,
    103,
    108,
    114,
    115,
    116,
    120,
    123,
    124,
    127,
    132,
    134,
    136,
    141,
    142,
    148,
    151,
    152,
    154,
    160,
    163,
    169,
    171,
    173,
    174,
    182,
    192,
    193,
    195,
    197,
    198,
    199,
    200,
    204,
    205,
    206,
    211,
    212,
    215,
    218,
    220,
    225,
    233,
    235,
    237,
    239,
    246,
    247,
    248,
    250,
    256,
    262,
    263,
    264,
    265,
    267,
    268,
    270,
    272,
    273,
    276,
    281,
    283,
    289,
    290,
    293,
    294,
    295,
    297,
    299,
    302,
    312,
    319,
    321,
    322,
    325,
    328,
    331,
    340,
    341,
    342,
    348,
    355,
    357,
    358,
    359,
    362,
    363,
    364,
    365,
    371,
    373,
    380,
    382,
    384,
    385,
    389,
    394,
    395,
    397,
    398,
    399,
    400,
    404,
    407,
    409,
    414,
    416,
    419,
    420,
    426,
    427,
    429,
    431,
    434,
    436,
    437,
    439,
    442,
    443,
    444,
    446,
    447,
    452,
    454,
    458,
    462,
    469,
    471,
    472,
    473,
    476,
    483,
    486,
    490,
    491,
    494,
    499,
    502,
    503,
    506,
    509,
    510,
    511,
    512,
    514,
    516,
    517,
    521,
    523,
    527,
    529,
    530,
    532,
    538,
    541,
    546,
    552,
    553,
    554,
    555,
    557,
    560,
    563,
    566,
    575,
    579,
    580,
    582,
    584,
    587,
    588,
    595,
    596,
    602,
    603,
    608,
    611,
    613,
    615,
    618,
    619,
    625,
    629,
    633,
    637,
    638,
    641,
    642,
    647,
    655,
    657,
    661,
    664,
    665,
    667,
    668,
    676,
    677,
    679,
    685,
    686,
    688,
    689,
    698,
    699,
    702,
    703,
    705,
    706,
    707,
    709,
    712,
    718,
    722,
    725,
    726,
    727,
    730,
    735,
    738,
    739,
    745,
    749,
    752,
    755,
    757,
    758,
    759,
    766,
    767,
    769,
    770,
    772,
    777,
    782,
    785,
    789,
    790,
    797,
    799,
    800,
    802,
    805,
    806,
    810,
    817,
    822,
    824,
    829,
    832,
    833,
    834,
    835,
    838,
    841,
    842,
    850,
    853,
    854,
    856,
    859,
    862,
    864,
    865,
    867,
    868,
    870,
    872,
    877,
    884,
    887,
    888,
    889,
    891,
    902,
    907,
    908,
    916,
    917,
    929,
    931,
    935,
    939,
    941,
    948,
    951,
    958,
    960,
    961,
    969,
    972,
    973,
    979,
    981,
    985,
    988,
    990,
    992,
    993,
    994,
    995,
    996,
    997,
    998,
    1003,
    1004,
    1007,
    1009,
    1010,
    1011,
    1012,
    1017,
    1018,
    1019,
    1021,
    1023,
    1027,
    1033,
    1034,
    1038,
    1039,
    1040,
    1050,
    1053,
    1055,
    1068,
    1076,
    1080,
    1081,
    1084,
    1088,
    1092,
    1095,
    1110,
    1118,
    1119,
    1120,
    1121,
    1123,
    1125,
    1127,
    1134,
    1137,
    1145,
    1146,
    1147,
    1151,
    1152,
    1157,
    1159,
    1165,
    1167,
    1168,
    1169,
    1174,
    1179,
    1182,
    1183,
    1193,
    1197,
    1199,
    1203,
    1204,
    1210,
    1215,
    1217,
    1223,
    1224,
    1227,
    1230,
    1232,
    1234,
    1236,
    1237,
    1240,
    1241,
    1243,
    1246,
    1248,
    1252,
    1257,
    1258,
    1260,
    1262,
    1266,
    1269,
    1272,
    1278,
    1281,
    1285,
    1288,
    1291,
    1292,
    1295,
    1300,
    1301,
    1302,
    1305,
    1306,
    1308,
    1311,
    1314,
    1315,
    1322,
    1329,
    1332,
    1334,
    1342,
    1350,
    1351,
    1352,
    1354,
    1355,
    1357,
    1364,
    1369,
    1375,
    1379,
    1382,
    1384,
    1386,
    1398,
    1400,
    1401,
    1406,
    1407,
    1408,
    1411,
    1413,
    1414,
    1415,
    1419,
    1420,
    1422,
    1423,
    1425,
    1426,
    1434,
    1441,
    1445,
    1446,
    1448,
    1449,
    1450,
    1454,
    1456,
    1458,
    1462,
    1463,
    1465,
    1467,
    1470,
    1471,
    1472,
    1475,
    1476,
    1481,
    1483,
    1486,
    1487,
    1488,
    1491,
    1495,
    1498,
    1500
  ],
  "best_csv": "E:\\STUDY\\洪\\LTR-DQN-main\\seed_search_outputs\\best_seed_sets\\T6M9_2_best500.csv"
}