zhongzi,ARR,MDR,CR,SR,dqn_ARR,dqn_MDR,dqn_CR,dqn_SR
1,2.9595980227063805,-0.2128919634780384,13.901877620719524,141.4844521880578,4.564609720830083,-0.14810236931002763,30.820639413774895,164.61872191824924
