zhongzi,ARR,MDR,CR,SR,dqn_ARR,dqn_MDR,dqn_CR,dqn_SR
1,1.4414325773267542,-0.28910506678696635,4.98584335911659,68.43349321691026,2.6974277113841167,-0.2128329445853524,12.673919992223606,97.37808424724639
