zhongzi,ARR,MDR,CR,SR,dqn_ARR,dqn_MDR,dqn_CR,dqn_SR
1,1.959217523471367,-0.2555516563583933,7.666620327921889,93.39101088335974,3.3529940632426056,-0.18520096291609472,18.104625432005335,121.05768205546072
