zhongzi,ARR,MDR,CR,SR,dqn_ARR,dqn_MDR,dqn_CR,dqn_SR
1,0.634821361562192,-0.28367146467868504,2.237875290985841,26.106883048897227,1.062126584444664,-0.21995997969014386,4.828726507162232,41.62768779951289
