zhongzi,ARR,MDR,CR,SR,dqn_ARR,dqn_MDR,dqn_CR,dqn_SR
1,1.1838500134954923,-0.22159142096422502,5.342490283893346,49.54402316189628,1.5751774860135668,-0.1952710877727854,8.066619098503821,62.03974596846941
