zhongzi,ARR,MDR,CR,SR,dqn_ARR,dqn_MDR,dqn_CR,dqn_SR
1,0.4845707080078099,-0.308729434891113,1.5695643279971507,19.693152822336405,0.912853495869955,-0.22779163398538516,4.007405715033953,35.669568427204204
