zhongzi,ARR,MDR,CR,SR,dqn_ARR,dqn_MDR,dqn_CR,dqn_SR
1,0.3478584247210452,-0.3317926230010304,1.0484212143558265,13.838366911698717,0.7763836556991448,-0.23601940930728307,3.2894907159450604,30.20912070134135
